billNo,authorshipType,fullTitle,dateFiled,significance,principalAuthors,dateRead,primaryReferral,billStatus,pdfUrl,historyUrl,history_coAuthors,history_firstReading,history_committeeActions,history_secondReading,history_thirdReading,history_presidentialAction
"HB02994","Principal Authored Bills","AN ACT DECLARING ZAMBOANGA CITY AS THE REGIONAL GOVERNMENT CENTER OF REGION IX AND FOR OTHER PURPOSES","2025-08-04","Local","1. PEREZ, JERRY EVANGELISTA","2025-08-06","LOCAL GOVERNMENT","Pending with the Committee on LOCAL GOVERNMENT since 2025-08-06","https://docs.congress.hrep.online/legisdocs/basic_20/hb02994.pdf","https://www.congress.gov.ph/bill/history?billno=HB02994&congress=20","1. Tan (A.) (000 2025-08-06)
2. Tan (S. A.) (000 2025-08-06)
3. Macasaet (000 2025-08-27)","Referral To The Committee On: LOCAL GOVERNMENT On 2025-08-06","","","",""
"HB02995","Principal Authored Bills","AN ACT ESTABLISHING THE TEACHERS' WELFARE AND INNOVATION PROGRAM, PROVIDING COMPENSATION ENHANCEMENTS, PERFORMANCE INCENTIVES, AND SUPPORT SERVICES FOR PUBLIC SCHOOL EDUCATORS, AND APPROPRIATING FUNDS THEREFOR","2025-08-04","National","1. PEREZ, JERRY EVANGELISTA","2025-08-06","BASIC EDUCATION AND CULTURE","Pending with the Committee on BASIC EDUCATION AND CULTURE since 2025-08-06","https://docs.congress.hrep.online/legisdocs/basic_20/hb02995.pdf","https://www.congress.gov.ph/bill/history?billno=HB02995&congress=20","1. Chua-Tai (000 2025-10-20)
2. Puno (000 2025-11-25)","Referral To The Committee On: BASIC EDUCATION AND CULTURE On 2025-08-06","","","",""
"HB03160","Principal Authored Bills","AN ACT ESTABLISHING A LEVEL 3 GENERAL HOSPITAL TO BE KNOWN AS THE VITALI MEDICAL CENTER IN THE DISTRICT OF VITALI, CITY OF ZAMBOANGA, UNDER THE DIRECT SUPERVISION AND CONTROL OF THE DEPARTMENT OF HEALTH, AND APPROPRIATING FUNDS THEREFOR","2025-08-05","Local","1. PEREZ, JERRY EVANGELISTA","2025-08-11","HEALTH","Pending with the Committee on HEALTH since 2025-08-11","https://docs.congress.hrep.online/legisdocs/basic_20/hb03160.pdf","https://www.congress.gov.ph/bill/history?billno=HB03160&congress=20","1. Macasaet (000 2025-08-27)
2. Chua-Tai (000 2025-10-20)","Referral To The Committee On: HEALTH On 2025-08-11","","","",""
"HB06503","Principal Authored Bills","AN ACT GRANTING THE ZAMBOANGA CITY ELECTRIC COOPERATIVE INC., (ZAMCELCO) A FRANCHISE TO CONSTRUCT, INSTALL, ESTABLISH, OPERATE, OWN, MANAGE AND MAINTAIN A DISTRIBUTION SYSTEM FOR THE CONVEYANCE OF ELECTRIC POWER TO THE END-USERS IN THE CITY OF ZAMBOANGA COMPOSING OF ELEVEN (11) DISTRICTS","2025-12-01","Local","1. PEREZ, JERRY EVANGELISTA","2025-12-03","LEGISLATIVE FRANCHISES","Pending with the Committee on LEGISLATIVE FRANCHISES since 2025-12-03","https://docs.congress.hrep.online/legisdocs/basic_20/hb06503.pdf","https://www.congress.gov.ph/bill/history?billno=HB06503&congress=20","","Referral To The Committee On: LEGISLATIVE FRANCHISES On 2025-12-03","","","",""
"HB07917","Principal Authored Bills","AN ACT AMENDING REPUBLIC ACT NO. 12009, OTHERWISE KNOWN AS THE ""NEW GOVERNMENT PROCUREMENT ACT""","2026-02-23","National","1. PUNO, RONALDO V. 2. ABANTE, BIENVENIDO JR. M. 3. ADVINCULA, ADRIAN JAY C. 4. ATAYDE, JUAN CARLOS ""Arjo"" C. 5. BASCUG, ALFELITO ""Alfel M."" 6. BONDOC, ANNA YORK P. MD 7. CO-PILAR, MA. VICTORIA 8. DAZA, NIKO RAUL S.J. 9. DEL MAR, RACHEL MARGUERITE B. 10. DOMINGO, DANILO ""Danny"" A. 11. FERRER, ANTONIO A. 12. FERRER, JEFFREY 13. GARCIA, ALBERT S. 14. GARCIA, KAREN HOPE F. 15. GARCIA, MARIA ANGELA S. 16. GONZALES, ALEXANDRIA ""Queenie"" 17. GONZALES, CHRISTOPHER SHEEN P. 18. HORIBATA, TSUYOSHI ANTHONY ""Hori"" G. 19. LAGBAS, ATTY. JENNIFER ""Karen"" A. 20. LORIA, CARLOS ANDES 21. MARAÑON, ALFREDO III D. 22. NAVA, JC RAHMAN A., MD. 23. ORETA, ANTOLIN III A. 24. PANCHO, AGUSTINA DOMINIQUE ""Ditse Tina"" C. 25. PEREZ, JERRY EVANGELISTA 26. PLAZA, EDDIEBONG G. 27. PUMAREN, FRANZ S. 28. SALI, DIMSZAR M. 29. SALVAME, ROSALIE A. 30. SHIMURA, SUN JUDAL 31. TEODORO, MARCELINO ""Marcy"" R. 32. TOLENTINO, ANIELA BIANCA D. 33. VALERIANO, ROLANDO M. 34. VELOSO-TUAZON, ANNA VICTORIA 35. VILLAFUERTE, MIGUEL LUIS R. 36. VILLAFUERTE, VINCENZO RENATO LUIGI R. 37. YAMSUAN, BRIAN RAYMUND S. 38. YAP, JOHN GEESNELL ""Baba""","2026-02-25","REVISION OF LAWS","Pending with the Committee on REVISION OF LAWS since 2026-02-25","https://docs.congress.hrep.online/legisdocs/basic_20/hb07917.pdf","https://www.congress.gov.ph/bill/history?billno=HB07917&congress=20","1. Benitez (J.M.) (000 2026-03-04)
2. Yap (A.) (000 2026-05-26)
3. Tulfo (R. W. P.) (000 2026-08-17)","Referral To The Committee On: REVISION OF LAWS On 2026-02-25","","","",""
"HB08054","Principal Authored Bills","AN ACT CONVERTING MUTI ELEMENTARY SCHOOL IN BARANGAY MUTI, ZAMBOANGA CITY INTO AN INTEGRATED SCHOOL TO BE KNOWN AS THE MUTI INTEGRATED SCHOOL, AND APPROPRIATING FUNDS THEREFOR","2026-02-24","Local","1. PEREZ, JERRY EVANGELISTA 2. CHUA-TAI, KATRINA REIKO","2026-03-02","BASIC EDUCATION AND CULTURE","Pending with the Committee on BASIC EDUCATION AND CULTURE since 2026-03-02","https://docs.congress.hrep.online/legisdocs/basic_20/hb08054.pdf","https://www.congress.gov.ph/bill/history?billno=HB08054&congress=20","","Referral To The Committee On: BASIC EDUCATION AND CULTURE On 2026-03-02","","","",""
"HB08055","Principal Authored Bills","AN ACT CONVERTING LUMBANGAN ELEMENTARY SCHOOL - MARIA CLARA L. LOBREGAT NATIONAL HIGH SCHOOL (MCLLNHS) EXTENSION IN BARANGAY LUMBANGAN, ZAMBOANGA CITY INTO AN INTEGRATED SCHOOL TO BE KNOWN AS THE LUMBANGAN INTEGRATED SCHOOL - MCLLNHS EXTENSION, AND APPROPRIATING FUNDS THEREFOR","2026-02-24","Local","1. PEREZ, JERRY EVANGELISTA 2. CHUA-TAI, KATRINA REIKO","2026-03-02","BASIC EDUCATION AND CULTURE","Pending with the Committee on BASIC EDUCATION AND CULTURE since 2026-03-02","https://docs.congress.hrep.online/legisdocs/basic_20/hb08055.pdf","https://www.congress.gov.ph/bill/history?billno=HB08055&congress=20","","Referral To The Committee On: BASIC EDUCATION AND CULTURE On 2026-03-02","","","",""
"HB08056","Principal Authored Bills","AN ACT CONVERTING DULIAN ELEMENTARY SCHOOL IN BARANGAY DULIAN WITHIN THE GEOGRAPHICAL DISTRICT OF MANICAHAN, ZAMBOANGA CITY INTO AN INTEGRATED SCHOOL TO BE KNOWN AS THE DULIAN INTEGRATED SCHOOL, AND APPROPRIATING FUNDS THEREFOR","2026-02-24","Local","1. PEREZ, JERRY EVANGELISTA 2. CHUA-TAI, KATRINA REIKO","2026-03-02","BASIC EDUCATION AND CULTURE","Pending with the Committee on BASIC EDUCATION AND CULTURE since 2026-03-02","https://docs.congress.hrep.online/legisdocs/basic_20/hb08056.pdf","https://www.congress.gov.ph/bill/history?billno=HB08056&congress=20","","Referral To The Committee On: BASIC EDUCATION AND CULTURE On 2026-03-02","","","",""
"HB08057","Principal Authored Bills","AN ACT CONVERTING PASILMANTA ELEMENTARY SCHOOL IN BARANGAY PASILMANTA IN SACOL ISLAND, ZAMBOANGA CITY INTO AN INTEGRATED SCHOOL TO BE KNOWN AS THE PASILMANTA INTEGRATED SCHOOL, AND APPROPRIATING FUNDS THEREFOR","2026-02-24","Local","1. PEREZ, JERRY EVANGELISTA 2. CHUA-TAI, KATRINA REIKO","2026-03-02","BASIC EDUCATION AND CULTURE","Pending with the Committee on BASIC EDUCATION AND CULTURE since 2026-03-02","https://docs.congress.hrep.online/legisdocs/basic_20/hb08057.pdf","https://www.congress.gov.ph/bill/history?billno=HB08057&congress=20","","Referral To The Committee On: BASIC EDUCATION AND CULTURE On 2026-03-02","","","",""
"HB08058","Principal Authored Bills","AN ACT CONVERTING VICTORIA ELEMENTARY SCHOOL IN BARANGAY VICTORIA, ZAMBOANGA CITY INTO AN INTEGRATED SCHOOL TO BE KNOWN AS THE VICTORIA INTEGRATED SCHOOL, AND APPROPRIATING FUNDS THEREFOR","2026-02-24","Local","1. PEREZ, JERRY EVANGELISTA 2. CHUA-TAI, KATRINA REIKO","2026-03-02","BASIC EDUCATION AND CULTURE","Pending with the Committee on BASIC EDUCATION AND CULTURE since 2026-03-02","https://docs.congress.hrep.online/legisdocs/basic_20/hb08058.pdf","https://www.congress.gov.ph/bill/history?billno=HB08058&congress=20","","Referral To The Committee On: BASIC EDUCATION AND CULTURE On 2026-03-02","","","",""
"HB08389","Principal Authored Bills","AN ACT PROHIBITING POLITICAL DYNASTIES IN NATIONAL AND LOCAL ELECTIVE OFFICES","2026-03-09","National","1. DY, FAUSTINO III G. 2. MARCOS, FERDINAND ALEXANDER A. 3. FLORES, JONATHAN KEITH T. 4. DEL MAR, RACHEL MARGUERITE B. 5. BARBERS, BERNADETTE S. 6. SANTOS, MARK ANTHONY 7. GUTIERREZ, RAMON RODRIGO L. 8. ROMULO, ROMAN T. 9. DOMOGAN, MAURICIO G. 10. SUAN, LORDAN G. 11. SALCEDA, ADRIAN E. 12. POE, BRIAN 13. GALEOS, EDSEL A. 14. MACAPAGAL-ARROYO, GLORIA 15. YAP, ARTHUR C. 16. QUIMBO, ATTY. MIRO S. 17. ESPARES, FELIMON M. 18. LUISTRO, ATTY. GERVILE ""Jinky Bitrics"" R. 19. LACSON, MA. NINA FRANCESCA P. 20. PUNO, RONALDO V. 21. PIMENTEL, ALEXANDER TY 22. MARQUEZ, JESUS ""Jess"" R. 23. RIVERA, NOEL ""Bong"" N. 24. CHAN, JUNARD ""Ahong"" Q. 25. AQUINO-MAGSAYSAY, MILAGROS 26. LEDESMA, JULIO IV A. 27. DIMAGUILA, WALFREDO ""ARMAN"" R. JR. 28. SUANSING, BELLA VANESSA B. 29. GARIN, JANETTE L. 30. BANCORO, MARLO C. 31. BARONDA, JULIENNE ""Jam"" L. 32. NOLASCO, RAMON C. 33. ROMUALDO, JURDIN JESUS M. 34. ALBANO, ANTONIO ""Tonypet"" T. 35. FUENTEBELLA, ARNIE B. 36. ESTRELLA, ROBERT RAYMUND """"Eskimo"" "" M. 37. MATUGAS, FRANCISCO ""Lalo"" T. 38. YNARES, REBECCA MARIA ALCANTARA 39. PANOTES, ROSEMARIE CORNEJOS 40. HERNANDEZ, FERDINAND L. 41. TULFO, RALPH WENDEL P. 42. GARCIA, JOSE ARTURO JR. S. 43. ORTEGA, FRANCISCO PAOLO V P. 44. BALINDONG, YASSER ALONTO 45. ROQUE, LAARNI LAVIN 46. CAOAGDAN, RUDY S.,DPA 47. MACASAET, ROLANDO LEDESMA 48. TEVES, JOSE ""Bong"" JR. J. 49. SALVADOR, MARIO ""Kokoy"" O. 50. SOLON, STEVE CHIONGBIAN 51. VILLA, ZALDY S. 52. TANJUATCO, EMIGDIO III P. 53. LAGBAS, ATTY. JENNIFER ""Karen"" A. 54. AGYAO, CAROLINE B. MD 55. BAUTISTA, JOHANNE MONICH G. 56. PEREZ, JERRY EVANGELISTA 57. UY, ROBERTO ""Pinpin"" JR. T. 58. MACEDA, GISELLE MARY L. 59. ARROGANCIA, REYNANTE U. 60. ALMARIO, CHEENO MIGUEL D. 61. LEGAZPI, FRANZ VINCENT F. 62. LAGDAMEO, JOSE MANUEL ""JM"" F. 63. ARBISON, MUNIR JR. N. 64. BAÑAS-NOGRALES, SHIRLYN L. 65. TULFO, JOCELYN P. 66. PUMAREN, FRANZ S. 67. ENVERGA, WILFRIDO MARK M. 68. YULO, EMILIO BERNARDINO L. 69. CORVERA, DALE B. 70. ALMARIO, DENNIS ""Alden"" B. 71. MALAPITAN, OSCAR G. 72. OAMINAL, HENRY ""Indy"" JR F. 73. TARRIELA, LEODY ""Odie"" F. 74. ANGELES, MARIA CRISTINA C. 75. MERCADO, ROGER GAVIOLA 76. DOMINGO, DANILO ""Danny"" A. 77. UY, DE CARLO L. 78. LEGARDA, ANTONIO JR. B. 79. GORRICETA, KATHRYN JOYCE F. MD 80. CAYTON, TIMOTHY JOSEPH E. 81. VALERIANO, ROLANDO M. 82. CHUNGALAO, SOLOMON R. 83. BIRON, FERJENEL G.,MD. 84. MANGUDADATU, ESMAEL G. 85. DY, FAUSTINO MICHAEL CARLOS III T. 86. BARBA, ANGELO MARCOS 87. MIRAFLORES, FLORENCIO T. 88. MADRONA. ELEANDRO JESUS F. 89. NAVA, JC RAHMAN A., MD. 90. ORDANES, RODOLFO ""Ompong"" M. 91. PLEYTO, SALVADOR A. 92. ROMAN, ANTONINO III B. 93. LABADLABAD, IRENE G. 94. MENDOZA, RAYMOND DEMOCRITO C. 95. YATCO, FLORABEL C. 96. TAN, SAMIER A. 97. TAN, AIMAN 98. TAN, JOSEPH S. 99. SHIMURA, SUN JUDAL 100. MANIQUIZ, DORIS E. 101. MOMO, ROMEO SR. S. 102. CUA, MIDY N. 103. ALANO,USTADZ YUSOP T. 104. BELTRAN, FERDINAND ""B1"" L. 105. ATAYDE, JUAN CARLOS ""Arjo"" C. 106. TALLADO, JOSEFINA B. 107. PASCUAL, EMERSON D. 108. YAP, JOHN GEESNELL ""Baba"" 109. EMANO, YEVGENY VINCENTE B. 110. ALMONTE, JASON P. 111. GONZALES, ALYSSA MICHAELA “Mica” M. 112. BRIONES, NICANOR M. 113. AGARAO, BENJAMIN JR. C. 114. PRIMICIAS-AGABAS, MARLYN L. 115. RODRIGUEZ, EULOGIO ""Leo"" R. 116. DY, IAN PAUL L. 117. LAZATIN, CARMELO JR. G. 118. ZAMORA, MARIA CARMEN S. 119. TIENG, IRWIN C. 120. HORIBATA, TSUYOSHI ANTHONY ""Hori"" G. 121. ORETA, ANTOLIN III A. 122. DEGAMO, JANICE 123. ESPINA, GERARDO ""GERRYBOY"" JR. J. 124. DE VENECIA, MARIA GEORGINA P. 125. BOLILIA, AMADO CARLOS IV A. 126. TOLENTINO, ANIELA BIANCA D. 127. HERNANDEZ, CHARISSE ANNE C. 128. CO-PILAR, MA. VICTORIA 129. BULUT-BEGTANG, ELEANOR C. 130. CENIZA, LEONEL ""Jhong"" D. 131. CRUZADO, EDWIN L.,MD. 132. DALOG, MAXIMO JR. Y. 133. FERRER, ANTONIO A. 134. GARCIA, DANTE S. 135. VELOSO, GIRLIE E. 136. MATIBAG, ANN 137. SALVACION, REYNALDO P. 138. YAMSUAN, BRIAN RAYMUND S. 139. VARGAS-ALFONSO, BABY ALINE 140. ANGARA, ROMMEL RICO T. 141. GUINTU, IVAN HOWARD A. 142. VIOLAGO, MARK CHOLO I. 143. RODRIGUEZ, MAXIMO JR. B. 144. BENITEZ, ALFREDO ""Albee"" B. 145. BERNOS, CHING B. 146. COLLANTES, KING 147. HERNANDEZ, DENNIS ""Tom"" L. 148. CAGAS, JOHN TRACY F. 149. CALDERON, PATRICIA C. 150. LARA, JOSEPH ""Jojo"" L. 151. RECTO, RYAN S. 152. RODRIGUEZ, RUFUS B. 153. SINGSON-MEEHAN, KRISTINE 154. HERNANDEZ, RAMIL LAUREL 155. GOMEZ, RICHARD I., DPA 156. VELOSO-TUAZON, ANNA VICTORIA 157. ADIONG,ZIAUR-RAHMAN ""Zia"" ALONTO","2026-03-09","SUFFRAGE AND ELECTORAL REFORMS","Approved by the House on 2026-06-03, transmitted to the Senate on 2026-06-08 and received by the Senate on 2026-06-08","https://docs.congress.hrep.online/legisdocs/basic_20/hb08389.pdf","https://www.congress.gov.ph/bill/history?billno=HB08389&congress=20","1. Benitez (J.M.) (000 2026-03-10)
2. Gatchalian (000 2026-03-12)
3. Castro (000 2026-03-16)
4. Poe (000 2026-05-25)
5. Primicias-Agabas (000 2026-05-25)
6. Dionisio (000 2026-05-25)
7. Gutierrez (000 2026-05-25)
8. Ortega (000 2026-05-25)
9. Khonghun (000 2026-05-25)
10. Adiong (000 2026-05-25)
11. Teodoro (000 2026-05-25)
12. Padiernos (000 2026-06-02)
Author/s (Final/Third Reading)
1. Dy (F.)
2. Marcos
3. Flores
4. Del Mar
5. Barbers
6. Santos (M.A.)
7. Gutierrez
8. Romulo
9. Domogan
10. Suan
11. Salceda
12. Poe
13. Galeos
14. Macapagal-Arroyo
15. Yap (A.)
16. Quimbo
17. Espares
18. Luistro
19. Lacson
20. Puno
21. Pimentel
22. Marquez
23. Rivera
24. Chan
25. Aquino-Magsaysay
26. Ledesma
27. Dimaguila
28. Suansing (B. V. B.)
29. Garin
30. Bancoro
31. Baronda
32. Nolasco
33. Romualdo
34. Albano
35. Fuentebella
36. Estrella
37. Matugas
38. Ynares
39. Panotes
40. Hernandez (F. L.)
41. Tulfo (R. W. P.)
42. Garcia (J. A.)
43. Ortega
44. Balindong
45. Roque
46. Caoagdan
47. Macasaet
48. Teves
49. Salvador
50. Solon
51. Villa ( Z.)
52. Tanjuatco
53. Lagbas
54. Agyao
55. Bautista (J. M. G.)
56. Perez
57. Uy (R. JR.)
58. Maceda
59. Arrogancia
60. Almario (C.M.)
61. Legazpi
62. Lagdameo (J. M. F.)
63. Arbison (M. N. JR.)
64. Bañas-Nograles
65. Tulfo (J. P.)
66. Pumaren
67. Enverga
68. Yulo
69. Corvera
70. Almario (D.)
71. Malapitan
72. Oaminal (H. F.)
73. Tarriela
74. Angeles
75. Mercado
76. Domingo
77. Uy, (D. C. L.)
78. Legarda
79. Gorriceta
80. Cayton
81. Valeriano
82. Chungalao
83. Biron
84. Mangudadatu
85. Dy (F.M.C.)
86. Barba
87. Miraflores
88. Madrona
89. Nava
90. Ordanes
91. Pleyto
92. Roman
93. Labadlabad
94. Mendoza
95. Yatco
96. Tan (S. A.)
97. Tan (A.)
98. Tan (J. S.)
99. Shimura
100. Maniquiz
101. Momo
102. Cua
103. Alano
104. Beltran
105. Atayde
106. Tallado
107. Pascual
108. Yap ( G.)
109. Emano
110. Almonte
111. Gonzales (A. M.)
112. Briones
113. Agarao
114. Primicias-Agabas
115. Rodriguez ( E. R.)
116. Dy (I.P.)
117. Lazatin
118. Zamora (M.C.)
119. Tieng
120. Horibata
121. Oreta (A. A.)
122. Degamo
123. Espina
124. De Venecia
125. Bolilia
126. Tolentino
127. Hernandez (C. A.)
128. Co-Pilar
129. Bulut-Begtang
130. Ceniza
131. Cruzado
132. Dalog
133. Ferrer (A. A.)
134. Garcia (D.)
135. Veloso
136. Matibag
137. Salvacion
138. Yamsuan
139. Vargas-Alfonso
140. Angara
141. Guintu
142. Violago
143. Rodriguez (M. B.)
144. Benitez (A.)
145. Bernos (C.)
146. Collantes
147. Hernandez (D. L.)
148. Cagas
149. Calderon
150. Lara
151. Recto (R. S.)
152. Rodriguez (R.B.)
153. Singson-Meehan
154. Hernandez (R. L.)
155. Gomez
156. Veloso-Tuazon
157. Adiong
158. Lagdameo (M. Y. M. Q.)
159. Abante
160. Gonzales (R.)
161. Benitez (J.M.)
162. Gatchalian
163. Castro","Referral To The Committee On: RULES On 2026-03-09
Date Included In OB: 2026-03-09
Date Calendared: 2026-03-11","Committee Report No.: 00143
Submitted On: 2026-03-09
Submitted By: SUFFRAGE AND ELECTORAL REFORMS
Recommendations: Recommending its approval in substitution of House Bills Numbered 381, 874, 909, 1297, 5334, 5871, 6064, 6771, 6799, 6826, 6886, 6888, 6894, 7072, 7199, 7413, and 7574
Substituted Bills: HB00381, HB00874, HB00909, HB01297, HB05334, HB05871, HB06064, HB06771, HB06799, HB06826, HB06886, HB06888, HB06894, HB07072, HB07199, HB07413, HB07574","Period Of Sponsorship: 2026-03-17, 2026-03-18, 2026-05-12, 2026-05-13, 2026-05-20
Sponsored By: Adiong;Adiong;Adiong;Adiong;Adiong
Period Of Interpellations: 2026-03-17, 2026-03-18, 2026-05-12, 2026-05-13, 2026-05-20
Interpellated By: Libanan, Diokno, Oducado, Erice, Suan, Co (R. L. M.), Elago, Ismula, Montes, De Lima, Tiangco, Cendaña, Tinio
Period Of Individual Amendments: 2026-05-20
Amended By: Garin, De Lima
Final List of Author
1. Dy (F.)
2. Marcos
3. Flores
4. Del Mar
5. Barbers
6. Santos (M.A.)
7. Gutierrez
8. Romulo
9. Domogan
10. Suan
11. Salceda
12. Poe
13. Galeos
14. Macapagal-Arroyo
15. Yap (A.)
16. Quimbo
17. Espares
18. Luistro
19. Lacson
20. Puno
21. Pimentel
22. Marquez
23. Rivera
24. Chan
25. Aquino-Magsaysay
26. Ledesma
27. Dimaguila
28. Suansing (B. V. B.)
29. Garin
30. Bancoro
31. Baronda
32. Nolasco
33. Romualdo
34. Albano
35. Fuentebella
36. Estrella
37. Matugas
38. Ynares
39. Panotes
40. Hernandez (F. L.)
41. Tulfo (R. W. P.)
42. Garcia (J. A.)
43. Ortega
44. Balindong
45. Roque
46. Caoagdan
47. Macasaet
48. Teves
49. Salvador
50. Solon
51. Villa ( Z.)
52. Tanjuatco
53. Lagbas
54. Agyao
55. Bautista (J. M. G.)
56. Perez
57. Uy (R. JR.)
58. Maceda
59. Arrogancia
60. Almario (C.M.)
61. Legazpi
62. Lagdameo (J. M. F.)
63. Arbison (M. N. JR.)
64. Bañas-Nograles
65. Tulfo (J. P.)
66. Pumaren
67. Enverga
68. Yulo
69. Corvera
70. Almario (D.)
71. Malapitan
72. Oaminal (H. F.)
73. Tarriela
74. Angeles
75. Mercado
76. Domingo
77. Uy, (D. C. L.)
78. Legarda
79. Gorriceta
80. Cayton
81. Valeriano
82. Chungalao
83. Biron
84. Mangudadatu
85. Dy (F.M.C.)
86. Barba
87. Miraflores
88. Madrona
89. Nava
90. Ordanes
91. Pleyto
92. Roman
93. Labadlabad
94. Mendoza
95. Yatco
96. Tan (S. A.)
97. Tan (A.)
98. Tan (J. S.)
99. Shimura
100. Maniquiz
101. Momo
102. Cua
103. Alano
104. Beltran
105. Atayde
106. Tallado
107. Pascual
108. Yap ( G.)
109. Emano
110. Almonte
111. Gonzales (A. M.)
112. Briones
113. Agarao
114. Primicias-Agabas
115. Rodriguez ( E. R.)
116. Dy (I.P.)
117. Lazatin
118. Zamora (M.C.)
119. Tieng
120. Horibata
121. Oreta (A. A.)
122. Degamo
123. Espina
124. De Venecia
125. Bolilia
126. Tolentino
127. Hernandez (C. A.)
128. Co-Pilar
129. Bulut-Begtang
130. Ceniza
131. Cruzado
132. Dalog
133. Ferrer (A. A.)
134. Garcia (D.)
135. Veloso
136. Matibag
137. Salvacion
138. Yamsuan
139. Vargas-Alfonso
140. Angara
141. Guintu
142. Violago
143. Rodriguez (M. B.)
144. Benitez (A.)
145. Bernos (C.)
146. Collantes
147. Hernandez (D. L.)
148. Cagas
149. Calderon
150. Lara
151. Recto (R. S.)
152. Rodriguez (R.B.)
153. Singson-Meehan
154. Hernandez (R. L.)
155. Gomez
156. Veloso-Tuazon
157. Adiong
158. Lagdameo (M. Y. M. Q.)
159. Abante
160. Gonzales (R.)
161. Benitez (J.M.)
162. Gatchalian
163. Castro
Date Approved On Second Reading: 2026-05-20","Date Copy Distributed To Members: 2026-05-21
Date Approved By The House On Third Reading: 2026-06-03
Third Reading Title: AN ACT PROHIBITING POLITICAL DYNASTIES IN NATIONAL AND LOCAL ELECTIVE OFFICES
House Votes: YEAS:267 NAYS:20 ABSTAIN:7
Date Transmitted To The Senate: 2026-06-08
Actions Taken By The Senate/House
Date Received By The Senate: 2026-06-08",""
"HB08464","Principal Authored Bills","AN ACT ABOLISHING THE TRAVEL TAX","2026-03-11","National","1. MARCOS, FERDINAND ALEXANDER A. 2. RAMA, EDUARDO JR R. 3. TOLENTINO, ANIELA BIANCA D. 4. YAP, ERIC GO 5. MARCOLETA, PAOLO HENRY M. 6. OLIVAREZ, ERIC L. 7. CRUZ, RICARDO JR. S. 8. BOCOBO, JORGE DANIEL S. 9. YAMSUAN, BRIAN RAYMUND S. 10. KO, MANUEL ""ManMan"" O. 11. PRIMICIAS-AGABAS, MARLYN L. 12. ODUCADO, NATHANIEL M. 13. VILLANUEVA, EDUARDO ""Bro. Eddie"" C. 14. BAUTISTA-LIM, CLAUDINE DIANA D. 15. GALANG, GERALD CLOYD ALEXIS V. 16. RODRIGUEZ, RUFUS B. 17. RODRIGUEZ, MAXIMO JR. B. 18. TAN, KEITH MICAH ""Atty. Mike"" D.L. 19. MADRONA. ELEANDRO JESUS F. 20. SUANSING, MIKAELA ANGELA B. 21. QUIMBO, ATTY. MIRO S. 22. MIRAFLORES, FLORENCIO T. 23. ZAMORA, YSABEL MARIA J. 24. EMANO, YEVGENY VINCENTE B. 25. POE, BRIAN 26. DAZA, NIKO RAUL S.J. 27. SAN FERNANDO, ELIJAH RUMBAOA 28. REVILLA, BRYAN B. 29. MOMO, ROMEO SR. S. 30. CENIZA, LEONEL ""Jhong"" D. 31. ACOSTA, GIL ""KabarangayJr"" 32. ALBANO, ANTONIO ""Tonypet"" T. 33. ATAYDE, JUAN CARLOS ""Arjo"" C. 34. BELTRAN, FERDINAND ""B1"" L. 35. CARI, CARL NICOLAS C. 36. CAYTON, TIMOTHY JOSEPH E. 37. GARIN, JANETTE L. 38. LEGARDA, ANTONIO JR. B. 39. MARQUEZ, JESUS ""Jess"" R. 40. RECTO, RYAN S. 41. REMULLA, CRISPIN DIEGO D. 42. SAKALURAN, RUTH 43. TIANGCO, TOBIAS ""Toby"" M. 44. VELOSO, GIRLIE E. 45. CO-PILAR, MA. VICTORIA 46. DE LIMA, LEILA M. 47. TULFO, RALPH WENDEL P. 48. MERCADO-REVILLA, LANI 49. ALANO,USTADZ YUSOP T. 50. MANGUDADATU, ESMAEL G. 51. TARRIELA, LEODY ""Odie"" F. 52. ZAMORA, MARIA CARMEN S. 53. GOMEZ, RICHARD I., DPA 54. HERNANDEZ, FERDINAND L. 55. MATIBAG, ANN 56. RODRIGUEZ, EULOGIO ""Leo"" R. 57. SUANSING, BELLA VANESSA B. 58. LUMAYAG, ISIDRO D. 59. HOFER-HASIM, MARLESA ""Doc Marly"" 60. DIMAPORO, IMELDA QUIBRANZA 61. ANGELES, MARIA CRISTINA C. 62. VILLARICA, LINABELLE RUTH R. 63. CHAN, JUNARD ""Ahong"" Q. 64. LAGDAMEO, JOSE MANUEL ""JM"" F. 65. BENITEZ, ALFREDO ""Albee"" B. 66. HERNANDEZ, CHARISSE ANNE C. 67. AGARAO, BENJAMIN JR. C. 68. GONZALES, ROY M. 69. LAZATIN, CARMELO JR. G. 70. CHUA-TAI, KATRINA REIKO 71. PIMENTEL, ALEXANDER TY 72. AGYAO, CAROLINE B. MD 73. DIMAGUILA, WALFREDO ""ARMAN"" R. JR. 74. MERCADO, ROGER GAVIOLA 75. SALVADOR, MARIO ""Kokoy"" O. 76. ONGCHUAN, EDWIN 77. ADIONG,ZIAUR-RAHMAN ""Zia"" ALONTO 78. ALBA, JOSE MANUEL F. 79. AQUINO, JOSE ""Joboy"" II S. 80. ARBISON, MUNIR M. 81. ARENAS, MARIA RACHEL J. 82. ASISTIO, DEAN 83. AUMENTADO, MARIA VANESSA ""Van-Van"" C.,RN 84. BALINDONG, YASSER ALONTO 85. BARONDA, JULIENNE ""Jam"" L. 86. BERNOS, JB 87. CAGAS, JOHN TRACY F. 88. CALIXTO, ANTONINO G. 89. CASTRO, JANE T. 90. CHUA, JOEL R. 91. CORVERA, DALE B. 92. CRUZ, AGATHA ""Agay"" 93. CRUZADO, EDWIN L.,MD. 94. CUA, MIDY N. 95. DAYANGHIRANG, NELSON ""JR"" 96. DE VENECIA, MARIA GEORGINA P. 97. DEGAMO, JANICE 98. DIMAPORO, SITTIE AMINAH Q. 99. DIONISIO, ERNESTO JR. M. 100. DOMOGAN, MAURICIO G. 101. ESPINA, GERARDO ""GERRYBOY"" JR. J. 102. FLORES, JONATHAN KEITH T. 103. GALEOS, EDSEL A. 104. GARCIA, DANTE S. 105. GONZALES, ALYSSA MICHAELA “Mica” M. 106. GORRICETA, KATHRYN JOYCE F. MD 107. GUICO, RAMON JR. N. 108. GULLAS, RHEA MAE A. 109. KHO, ANTONIO 110. KHO, ELISA ""Olga"" T. 111. KHO, WILTON ""Tonton"" T. 112. KHONGHUN, JEFFERSON F. 113. LABADLABAD, IRENE G. 114. LAGON, DAPHNE A. 115. LARA, JOSEPH ""Jojo"" L. 116. LUISTRO, ATTY. GERVILE ""Jinky Bitrics"" R. 117. MANIQUIZ, DORIS E. 118. MACAPAGAL-ARROYO, GLORIA 119. MASTURA, BAI DIMPLE I. 120. MATUGAS, FRANCISCO ""Lalo"" T. 121. NOLASCO, RAMON C. 122. OAMINAL, HENRY ""Indy"" JR F. 123. ORTEGA, FRANCISCO PAOLO V P. 124. PANALIGAN, ARNAN C. 125. PANOTES, ROSEMARIE CORNEJOS 126. PASCUAL, EMERSON D. 127. PLEYTO, SALVADOR A. 128. REGENCIA, CELSO G. 129. REVILLA, RAMON JOLO III B. 130. ROMAN, ANTONINO III B. 131. ROMUALDEZ, FERDINAND MARTIN G. 132. ROMUALDO, JURDIN JESUS M. 133. SAGARBARRIA, MA. ISABEL L. 134. SALCEDA, ADRIAN E. 135. SALVACION, REYNALDO P. 136. SANTOS, MA. ALANA SAMANTHA TALIÑO 137. SOLON, STEVE CHIONGBIAN 138. SUAN, LORDAN G. 139. SUAREZ, DAVID ""Jay-Jay"" C. 140. TAN, JOSEPH S. 141. TAN, REYNOLDS MICHAEL T. 142. TAN, SAMIER A. 143. TIENG, IRWIN C. 144. TUAN, DIBU S. 145. TUPAS, BINKY APRIL M. 146. UY, DE CARLO L. 147. UY, ROBERTO ""Pinpin"" JR. T. 148. VARGAS-ALFONSO, BABY ALINE 149. VARGAS, PATRICK MICHAEL D. 150. VIOLAGO, MARK CHOLO I. 151. YAP, CHRISTOPHERSON ""Coco"" M. 152. YU, JEYZEL VICTORIA C. 153. YU, JOSEPH KIM C. 154. YULO, EMILIO BERNARDINO L. 155. HERNANDEZ, DENNIS ""Tom"" L. 156. AQUINO-MAGSAYSAY, MILAGROS 157. ANG, JAMES ""Jojo"" JR. 158. SHIMURA, SUN JUDAL 159. DALOG, MAXIMO JR. Y. 160. LEGAZPI, FRANZ VINCENT F. 161. ESCUDERO, MARIE BERNADETTE G. 162. GUINTU, IVAN HOWARD A. 163. SALVAME, ROSALIE A. 164. DEL MAR, RACHEL MARGUERITE B. 165. VERGARA, JULIUS CESAR ""Jay"" V. 166. AMANTE, LORETO S. 167. BAÑAS-NOGRALES, SHIRLYN L. 168. ARBISON, MUNIR JR. N. 169. LOYOLA, ROY M. 170. RIVERA, NOEL ""Bong"" N. 171. DELOS SANTOS, ALFRED C. 172. VALERIANO, ROLANDO M. 173. CO, RENEE LOUISE M. 174. DAGOOC, SERGIO C. 175. LAGBAS, ATTY. JENNIFER ""Karen"" A. 176. ELAGO, SARAH JANE I. 177. VILLA, ZALDY S. 178. TINIO, ANTONIO L. 179. PEREZ, JERRY EVANGELISTA 180. GONZALES, CHRISTOPHER SHEEN P. 181. CENDAÑA, PERCIVAL ""Perci"" 182. CALDERON, PATRICIA C. 183. YAP, ARTHUR C. 184. LORIA, CARLOS ANDES 185. BAUTISTA, JOHANNE MONICH G. 186. BRIONES, NICANOR M. 187. ROQUE, LAARNI LAVIN 188. ACIDRE, JUDE A. 189. MENDOZA, RAYMOND DEMOCRITO C. 190. CELESTE, ARTHUR F. 191. ABALOS, JC M. 192. DIOKNO, JOSE MANUEL TADEO ""Chel"" I. 193. LAGDAMEO, MONIQUE YAZMIN MARIA Q. 194. TEVES, JOSE ""Bong"" JR. J. 195. LOPEZ, MA. CRISTINA TALAVERA 196. ZUBIRI, AUDREY KAY T. 197. GONZALES, ALEXANDRIA ""Queenie"" 198. ESPARES, FELIMON M. 199. PANCHO, AGUSTINA DOMINIQUE ""Ditse Tina"" C. 200. BENITEZ, JAVIER MIGUEL LOPEZ 201. CHAN, JAN ALMARIO 202. PUMAREN, FRANZ S. 203. YATCO, FLORABEL C.","2026-03-11","TOURISM","Approved by the House on 2026-03-16, transmitted to the Senate on 2026-03-17 and received by the Senate on 2026-03-17","https://docs.congress.hrep.online/legisdocs/basic_20/hb08464.pdf","https://www.congress.gov.ph/bill/history?billno=HB08464&congress=20","1. Veloso-Tuazon (000 2026-03-11)
2. Garin (000 2026-03-12)
3. Primicias-Agabas (000 2026-03-12)
4. Dionisio (000 2026-03-12)
5. Gutierrez (000 2026-03-12)
6. Ortega (000 2026-03-12)
7. Khonghun (000 2026-03-12)
8. Adiong (000 2026-03-12)
9. Salceda (000 2026-03-16)
10. Robes (000 2026-03-16)
11. Tolentino (000 2026-03-16)
12. Singson-Meehan (000 2026-03-16)
13. Arenas (000 2026-03-17)
14. Vargas (000 2026-03-17)
15. Abante (000 2026-03-13)
16. Javier (000 2026-03-16)
17. Legacion (000 2026-03-17)
Author/s (Final/Third Reading)
1. Marcos
2. Dy (F.)
3. Rama
4. Tolentino
5. Yap (ERIC)
6. Marcoleta
7. Olivarez
8. Cruz (R. JR.)
9. Bocobo
10. Yamsuan
11. Ko
12. Primicias-Agabas
13. Oducado
14. Villanueva
15. Bautista-Lim
16. Galang
17. Rodriguez (R.B.)
18. Rodriguez (M. B.)
19. Tan (K. M. D.L.)
20. Madrona
21. Suansing (M. A. B.)
22. Quimbo
23. Miraflores
24. Zamora (Y.M.)
25. Emano
26. Poe
27. Daza
28. San Fernando
29. Revilla ( B. B.)
30. Momo
31. Ceniza
32. Acosta
33. Albano
34. Atayde
35. Beltran
36. Cari
37. Cayton
38. Garin
39. Legarda
40. Marquez
41. Recto (R. S.)
42. Remulla
43. Sakaluran
44. Tiangco
45. Veloso
46. Co-Pilar
47. De Lima
48. Tulfo (R. W. P.)
49. Mercado-Revilla
50. Alano
51. Mangudadatu
52. Tarriela
53. Zamora (M.C.)
54. Gomez
55. Hernandez (F. L.)
56. Matibag
57. Rodriguez ( E. R.)
58. Suansing (B. V. B.)
59. Lumayag
60. Hofer-Hasim
61. Dimaporo ( I. Q.)
62. Angeles
63. Villarica
64. Chan
65. Lagdameo (J. M. F.)
66. Benitez (A.)
67. Hernandez (C. A.)
68. Agarao
69. Gonzales (R.)
70. Lazatin
71. Chua-Tai
72. Pimentel
73. Agyao
74. Dimaguila
75. Mercado
76. Salvador
77. Ongchuan
78. Adiong
79. Alba
80. Aquino
81. Arbison (M. M.)
82. Arenas
83. Asistio
84. Aumentado
85. Balindong
86. Baronda
87. Bernos (J.B.)
88. Cagas
89. Calixto
90. Castro
91. Chua
92. Corvera
93. Cruz (A.)
94. Cruzado
95. Cua
96. Dayanghirang
97. De Venecia
98. Degamo
99. Dimaporo ( S. A. Q.)
100. Dionisio
101. Domogan
102. Espina
103. Flores
104. Galeos
105. Garcia (D.)
106. Gonzales (A. M.)
107. Gorriceta
108. Guico
109. Gullas
110. Kho
111. Kho (E. T.)
112. Kho (W. T.)
113. Khonghun
114. Labadlabad
115. Lagon (D. A.)
116. Lara
117. Luistro
118. Maniquiz
119. Macapagal-Arroyo
120. Mastura
121. Matugas
122. Nolasco
123. Oaminal (H. F.)
124. Ortega
125. Panaligan
126. Panotes
127. Pascual
128. Pleyto
129. Regencia
130. Revilla (R. J.)
131. Roman
132. Romualdez (F.M.)
133. Romualdo
134. Sagarbarria
135. Salceda
136. Salvacion
137. Santos (M.A.S.)
138. Solon
139. Suan
140. Suarez
141. Tan (J. S.)
142. Tan (R. M.T.)
143. Tan (S. A.)
144. Tieng
145. Tuan
146. Tupas
147. Uy, (D. C. L.)
148. Uy (R. JR.)
149. Vargas-Alfonso
150. Vargas
151. Violago
152. Yap (C.)
153. Yu (J.V.)
154. Yu (J.K.)
155. Yulo
156. Hernandez (D. L.)
157. Aquino-Magsaysay
158. Ang
159. Shimura
160. Dalog
161. Legazpi
162. Escudero
163. Guintu
164. Salvame
165. Del Mar
166. Vergara
167. Amante
168. Bañas-Nograles
169. Arbison (M. N. JR.)
170. Loyola
171. Rivera
172. Delos Santos
173. Valeriano
174. Co (R. L. M.)
175. Dagooc
176. Lagbas
177. Elago
178. Villa ( Z.)
179. Tinio
180. Perez
181. Gonzales (C. S.)
182. Cendaña
183. Calderon
184. Yap (A.)
185. Loria
186. Bautista (J. M. G.)
187. Briones
188. Roque
189. Acidre
190. Mendoza
191. Celeste
192. Abalos
193. Diokno
194. Lagdameo (M. Y. M. Q.)
195. Teves
196. Lopez
197. Zubiri
198. Gonzales (A.)
199. Espares
200. Pancho
201. Benitez (J.M.)
202. Chan (J.)
203. Pumaren
204. Yatco
205. Veloso-Tuazon","Referral To The Committee On: RULES On 2026-03-11
Date Included In OB: 2026-03-11
Date Calendared: 2026-03-11","Committee Report No.: 00156
Submitted On: 2026-03-11
Submitted By: TOURISM, APPROPRIATIONS, WAYS AND MEANS
Recommendations: Recommending its approval in substitution of House Bills Numbered 7443, 7367, 7612, 7703, 7757, 150, 3529, 3890, 4793, 5821, 6228, 6979, 7155, 7307, 7631, 7695, 7758
Substituted Bills: HB07443, HB07367, HB07612, HB07703, HB07757, HB00150, HB03529, HB03890, HB04793, HB05821, HB06228, HB06979, HB07155, HB07307, HB07631, HB07695, HB07758","Period Of Sponsorship: 2026-03-11
Sponsored By: Madrona
Period Of Interpellations: 2026-03-11
Interpellated By: Erice
Final List of Author
1. Marcos
2. Dy (F.)
3. Rama
4. Tolentino
5. Yap (ERIC)
6. Marcoleta
7. Olivarez
8. Cruz (R. JR.)
9. Bocobo
10. Yamsuan
11. Ko
12. Primicias-Agabas
13. Oducado
14. Villanueva
15. Bautista-Lim
16. Galang
17. Rodriguez (R.B.)
18. Rodriguez (M. B.)
19. Tan (K. M. D.L.)
20. Madrona
21. Suansing (M. A. B.)
22. Quimbo
23. Miraflores
24. Zamora (Y.M.)
25. Emano
26. Poe
27. Daza
28. San Fernando
29. Revilla ( B. B.)
30. Momo
31. Ceniza
32. Acosta
33. Albano
34. Atayde
35. Beltran
36. Cari
37. Cayton
38. Garin
39. Legarda
40. Marquez
41. Recto (R. S.)
42. Remulla
43. Sakaluran
44. Tiangco
45. Veloso
46. Co-Pilar
47. De Lima
48. Tulfo (R. W. P.)
49. Mercado-Revilla
50. Alano
51. Mangudadatu
52. Tarriela
53. Zamora (M.C.)
54. Gomez
55. Hernandez (F. L.)
56. Matibag
57. Rodriguez ( E. R.)
58. Suansing (B. V. B.)
59. Lumayag
60. Hofer-Hasim
61. Dimaporo ( I. Q.)
62. Angeles
63. Villarica
64. Chan
65. Lagdameo (J. M. F.)
66. Benitez (A.)
67. Hernandez (C. A.)
68. Agarao
69. Gonzales (R.)
70. Lazatin
71. Chua-Tai
72. Pimentel
73. Agyao
74. Dimaguila
75. Mercado
76. Salvador
77. Ongchuan
78. Adiong
79. Alba
80. Aquino
81. Arbison (M. M.)
82. Arenas
83. Asistio
84. Aumentado
85. Balindong
86. Baronda
87. Bernos (J.B.)
88. Cagas
89. Calixto
90. Castro
91. Chua
92. Corvera
93. Cruz (A.)
94. Cruzado
95. Cua
96. Dayanghirang
97. De Venecia
98. Degamo
99. Dimaporo ( S. A. Q.)
100. Dionisio
101. Domogan
102. Espina
103. Flores
104. Galeos
105. Garcia (D.)
106. Gonzales (A. M.)
107. Gorriceta
108. Guico
109. Gullas
110. Kho
111. Kho (E. T.)
112. Kho (W. T.)
113. Khonghun
114. Labadlabad
115. Lagon (D. A.)
116. Lara
117. Luistro
118. Maniquiz
119. Macapagal-Arroyo
120. Mastura
121. Matugas
122. Nolasco
123. Oaminal (H. F.)
124. Ortega
125. Panaligan
126. Panotes
127. Pascual
128. Pleyto
129. Regencia
130. Revilla (R. J.)
131. Roman
132. Romualdez (F.M.)
133. Romualdo
134. Sagarbarria
135. Salceda
136. Salvacion
137. Santos (M.A.S.)
138. Solon
139. Suan
140. Suarez
141. Tan (J. S.)
142. Tan (R. M.T.)
143. Tan (S. A.)
144. Tieng
145. Tuan
146. Tupas
147. Uy, (D. C. L.)
148. Uy (R. JR.)
149. Vargas-Alfonso
150. Vargas
151. Violago
152. Yap (C.)
153. Yu (J.V.)
154. Yu (J.K.)
155. Yulo
156. Hernandez (D. L.)
157. Aquino-Magsaysay
158. Ang
159. Shimura
160. Dalog
161. Legazpi
162. Escudero
163. Guintu
164. Salvame
165. Del Mar
166. Vergara
167. Amante
168. Bañas-Nograles
169. Arbison (M. N. JR.)
170. Loyola
171. Rivera
172. Delos Santos
173. Valeriano
174. Co (R. L. M.)
175. Dagooc
176. Lagbas
177. Elago
178. Villa ( Z.)
179. Tinio
180. Perez
181. Gonzales (C. S.)
182. Cendaña
183. Calderon
184. Yap (A.)
185. Loria
186. Bautista (J. M. G.)
187. Briones
188. Roque
189. Acidre
190. Mendoza
191. Celeste
192. Abalos
193. Diokno
194. Lagdameo (M. Y. M. Q.)
195. Teves
196. Lopez
197. Zubiri
198. Gonzales (A.)
199. Espares
200. Pancho
201. Benitez (J.M.)
202. Chan (J.)
203. Pumaren
204. Yatco
205. Veloso-Tuazon
Date Approved On Second Reading: 2026-03-11","Date Copy Distributed To Members: 2026-03-12
Date Approved By The House On Third Reading: 2026-03-16
Third Reading Title: AN ACT ABOLISHING THE TRAVEL TAX
House Votes: YEAS:257 NAYS:1 ABSTAIN:1
Voting Details Per Member
(Legend:Y-Yes N-No A-Abstain X-Did Not Vote B-Absent D-N/A)
1. Y---Abalos
2. X---Abante
3. Y---Acidre
4. Y---Acop (P.C.)
5. D---Acop--(N/A)
6. Y---Acosta
7. Y---Adiong
8. Y---Advincula
9. Y---Agarao
10. Y---Agyao
11. Y---Alano
12. Y---Alba
13. Y---Albano
14. X---Almario (C.M.)
15. Y---Almario (D.)
16. Y---Almonte
17. Y---Alvarez (J.)
18. X---Alvarez (M.)
19. Y---Amante
20. Y---Amatong
21. Y---Ang
22. Y---Angara
23. Y---Angeles
24. X---Aquino
25. Y---Aquino-Magsaysay
26. Y---Arbison (M. N. JR.)
27. Y---Arbison (M. M.)
28. Y---Arenas
29. Y---Arrogancia
30. Y---Asistio
31. Y---Atayde
32. X---Aumentado
33. Y---Ayon
34. Y---Bag-ao
35. Y---Balindong
36. Y---Bañas-Nograles
37. Y---Bancoro
38. Y---Barba
39. Y---Barbers
40. Y---Baronda
41. D---Barzaga--(N/A)
42. Y---Bacsug
43. X---Bautista (C. P.)
44. Y---Bautista (J. M. G.)
45. X---Bautista-Lim
46. Y---Beltran
47. Y---Benitez (A.)
48. Y---Benitez (J.M.)
49. Y---Bernos (C.)
50. Y---Bernos (J.B.)
51. Y---Biron
52. X---Bocobo
53. Y---Bolilia
54. Y---Bondoc
55. Y---Briones
56. Y---Bulut-Begtang
57. Y---Cagas
58. Y---Calderon
59. Y---Calixto
60. Y---Caoagdan
61. Y---Cari
62. Y---Castro
63. Y---Cayton
64. X---Celeste
65. Y---Cendaña
66. Y---Ceniza
67. X---Chan (J.)
68. X---Chan
69. Y---Chua
70. X---Chua-Tai
71. Y---Chungalao
72. D---Co ( E. S.)--(N/A)
73. Y---Co (R. L. M.)
74. Y---Co-Pilar
75. Y---Cojuangco (J. E. M. D.)
76. Y---Cojuangco ( M. O.)
77. Y---Collantes
78. Y---Corvera
79. Y---Cruz (A.)
80. Y---Cruz (R. JR.)
81. Y---Cruzado
82. Y---Cua
83. Y---Dagooc
84. Y---Dalog
85. X---Dayanghirang
86. Y---Daza
87. Y---De Jesus
88. Y---De Lima
89. Y---De Venecia
90. Y---Defensor
91. Y---Degamo
92. Y---Del Mar
93. X---Delos Santos
94. Y---Dimacuha
95. Y---Dimaguila
96. Y---Dimaporo ( I. Q.)
97. Y---Dimaporo ( S. A. Q.)
98. Y---Diokno
99. Y---Dionisio
100. Y---Domingo
101. Y---Domogan
102. X---Duterte (H.J.)
103. X---Duterte (O.V.)
104. X---Duterte (P.)
105. Y---Dy (F.)
106. Y---Dy (F.M.C.)
107. X---Dy (I.P.)
108. Y---Elago
109. Y---Emano
110. Y---Enverga
111. N---Erice
112. Y---Escudero
113. Y---Espares
114. Y---Espina
115. Y---Estrella
116. Y---Ferrer (A. A.)
117. Y---Ferrer (J. )
118. X---Flores
119. Y---Fortes
120. X---Frasco
121. Y---Fresnedi
122. X---Fuentebella
123. Y---Galang
124. Y---Galeos
125. X---Garbin
126. Y---Garcia (A.)
127. Y---Garcia (D.)
128. Y---Garcia (J. A.)
129. Y---Garcia (K. H.)
130. X---Garcia (M. A.)
131. Y---Gardiola
132. Y---Garin
133. Y---Gatchalian
134. Y---Gato
135. Y---Glepa
136. Y---Go
137. Y---Gomez
138. Y---Gonzales (A.)
139. Y---Gonzales (A. M.)
140. Y---Gonzales (C. S.)
141. Y---Gonzales (R.)
142. Y---Gorriceta
143. Y---Guico
144. Y---Guintu
145. X---Gullas
146. Y---Gutierrez
147. Y---Hernandez (C. A.)
148. Y---Hernandez (D. L.)
149. Y---Hernandez (F. L.)
150. Y---Hernandez (R. L.)
151. Y---Hofer-Hasim
152. X---Horibata
153. Y---Ismula
154. Y---Iway
155. Y---Javier
156. Y---Kho
157. Y---Kho (E. T.)
158. Y---Kho (W. T.)
159. Y---Khonghun
160. Y---Ko
161. Y---Labadlabad
162. X---Lacson
163. Y---Lagbas
164. Y---Lagdameo (J. M. F.)
165. Y---Lagdameo (M. Y. M. Q.)
166. X---Lagman
167. Y---Lagon (D. A.)
168. Y---Lagon (S. L.)
169. Y---Lara
170. Y---Lazatin
171. Y---Ledesma
172. Y---Legacion
173. Y---Legarda
174. Y---Legazpi
175. D---Legazpi(K.)--(N/A)
176. X---Leviste
177. Y---Libanan
178. Y---Lopez
179. Y---Loria
180. Y---Loyola
181. Y---Luistro
182. Y---Lumayag
183. Y---Macapagal-Arroyo
184. Y---Macasaet
185. Y---Maceda
186. Y---Madrona
187. Y---Malapitan
188. Y---Mangudadatu
189. Y---Maniquiz
190. Y---Marañon
191. Y---Marcoleta
192. Y---Marcos
193. Y---Marquez
194. Y---Mastura
195. X---Matibag
196. Y---Matugas
197. X---Mendoza
198. Y---Mercado
199. Y---Mercado-Revilla
200. X---Miraflores
201. Y---Momo
202. A---Montes
203. Y---Nava
204. Y---Nazal
205. X---Nisay
206. Y---Nolasco
207. Y---Oaminal (H. F.)
208. Y---Oaminal (S. F. F.)
209. Y---Oducado
210. Y---Olivarez
211. Y---Ongchuan
212. Y---Ordanes
213. Y---Oreta (A. A.)
214. Y---Ortega
215. X---Ouano-Dizon
216. X---Padiernos
217. Y---Panaligan
218. Y---Pancho
219. Y---Panotes
220. X---Pascual
221. Y---Perez
222. Y---Pimentel
223. Y---Plaza
224. X---Pleyto
225. Y---Poe
226. Y---Primicias-Agabas
227. Y---Pumaren
228. X---Puno
229. Y---Quimbo
230. X---Rama
231. Y---Recto (R. S.)
232. X---Regencia
233. Y---Remulla
234. Y---Revilla ( B. B.)
235. X---Revilla (R. J.)
236. Y---Ridon
237. Y---Rivera
238. Y---Robes
239. Y---Rodriguez ( E. R.)
240. Y---Rodriguez (M. B.)
241. Y---Rodriguez (R.B.)
242. Y---Roman
243. Y---Romualdez (A.J.)
244. Y---Romualdez (F.M.)
245. Y---Romualdez (Y.M.)
246. Y---Romualdo
247. Y---Romulo
248. Y---Roque
249. Y---Sagarbarria
250. Y---Sakaluran
251. Y---Salceda
252. X---Sali
253. Y---Salvacion
254. Y---Salvador
255. X---Salvame
256. Y---San Fernando
257. Y---Santos (M.A.S.)
258. Y---Santos (M.A.)
259. X---Shimura
260. Y---Singson ( R.)
261. Y---Singson (R. V.)
262. Y---Singson-Meehan
263. Y---Solon
264. Y---Soriano
265. Y---Suan
266. X---Suansing (B. V. B.)
267. Y---Suansing (M. A. B.)
268. Y---Suarez
269. Y---Suntay
270. Y---Tallado
271. X---Tan (A.)
272. Y---Tan (J. S.)
273. Y---Tan (K. M. D.L.)
274. X---Tan (R. M.T.)
275. X---Tan (S. A.)
276. X---Tan (S. J. T.)
277. Y---Tanchay
278. Y---Tanjuatco
279. Y---Tarriela
280. Y---Teodoro
281. Y---Tereng
282. Y---Teves
283. Y---Tiangco
284. Y---Tieng
285. Y---Tinio
286. X---Tolentino
287. Y---Tuan
288. Y---Tulfo (J. P.)
289. Y---Tulfo (R. W. P.)
290. Y---Tupas
291. X---Tutor
292. X---Ty
293. Y---Umali
294. Y---Ungab
295. X---Uy, (D. C. L.)
296. Y---Uy (R. JR.)
297. Y---Valeriano
298. Y---Vargas
299. Y---Vargas-Alfonso
300. Y---Veloso
301. Y---Veloso-Tuazon
302. Y---Vergara
303. Y---Villa ( Z.)
304. X---Villafuerte (M. L. R.)
305. Y---Villafuerte (V. R. L. R.)
306. Y---Villanueva
307. X---Villarica
308. X---Violago
309. Y---Yamsuan
310. Y---Yap (A.)
311. X---Yap (C.)
312. D---Yap (EDVIC)--(N/A)
313. X---Yap (ERIC)
314. Y---Yap ( G.)
315. Y---Yatco
316. Y---Ynares
317. Y---Yu (J.V.)
318. Y---Yu (J.K.)
319. Y---Yulo
320. Y---Zamora (M.C.)
321. X---Zamora (Y.M.)
322. Y---Zubiri
Date Transmitted To The Senate: 2026-03-17
Actions Taken By The Senate/House
Date Received By The Senate: 2026-03-17",""
"HB10236","Principal Authored Bills","AN ACT ESTABLISHING THE PHILIPPINE NATIONAL POLICE CYBERSECURITY OPERATIONS CENTER FOR THE PROTECTION OF PNP CRITICAL INFORMATION INFRASTRUCTURE, DEFINING ITS POWERS AND FUNCTIONS, APPROPRIATING FUNDS THEREFOR, AND FOR OTHER PURPOSES","2026-07-27","National","1. PEREZ, JERRY EVANGELISTA","2026-07-29","LOCAL GOVERNMENT","Pending with the Committee on LOCAL GOVERNMENT since 2026-07-29","https://docs.congress.hrep.online/legisdocs/basic_20/hb10236.pdf","https://www.congress.gov.ph/bill/history?billno=HB10236&congress=20","","Referral To The Committee On: LOCAL GOVERNMENT On 2026-07-29","","","",""
"HR00727","Principal Authored Bills","RESOLUTION CREATING A STANDING COMMITTEE ON PERSONS WITH DISABILITIES IN THE HOUSE OF REPRESENTATIVES","2026-02-03","","1. BASCUG, ALFELITO ""Alfel M."" 2. GORRICETA, KATHRYN JOYCE F. MD 3. MATIBAG, ANN 4. TUPAS, BINKY APRIL M. 5. ZAMORA, YSABEL MARIA J. 6. CASTRO, JANE T. 7. GATO, CIRIACO JR. B., MD, FPSO-HNS 8. ALBANO, ANTONIO ""Tonypet"" T. 9. CORVERA, DALE B. 10. ZAMORA, MARIA CARMEN S. 11. CRUZADO, EDWIN L.,MD. 12. MACEDA, GISELLE MARY L. 13. PEREZ, JERRY EVANGELISTA 14. CRUZ, RICARDO JR. S. 15. AQUINO-MAGSAYSAY, MILAGROS 16. DEL MAR, RACHEL MARGUERITE B. 17. AYON, ARLYN P.","2026-02-09","RULES","Pending with the Committee on RULES since 2026-02-09","https://docs.congress.hrep.online/legisdocs/basic_20/hr00727.pdf","https://www.congress.gov.ph/bill/history?billno=HR00727&congress=20","1. Sakaluran (000 2026-05-13)","Referral To The Committee On: RULES On 2026-02-09","","","",""
"HR00810","Principal Authored Bills","A RESOLUTION TO AMEND SECTION 141 OF RULE XX OF THE HOUSE RULES TO DEFINE FINANCIAL INTERESTS IN GOVERNMENT CONTRACTS AS DISORDERLY BEHAVIOR AND PROVIDE FOR EXPULSION","2026-02-23","","1. PUNO, RONALDO V. 2. ABANTE, BIENVENIDO JR. M. 3. ADVINCULA, ADRIAN JAY C. 4. ATAYDE, JUAN CARLOS ""Arjo"" C. 5. BASCUG, ALFELITO ""Alfel M."" 6. BONDOC, ANNA YORK P. MD 7. CO-PILAR, MA. VICTORIA 8. DAZA, NIKO RAUL S.J. 9. DEL MAR, RACHEL MARGUERITE B. 10. DOMINGO, DANILO ""Danny"" A. 11. FERRER, ANTONIO A. 12. FERRER, JEFFREY 13. GARCIA, ALBERT S. 14. GARCIA, KAREN HOPE F. 15. GARCIA, MARIA ANGELA S. 16. GONZALES, ALEXANDRIA ""Queenie"" 17. GONZALES, CHRISTOPHER SHEEN P. 18. HORIBATA, TSUYOSHI ANTHONY ""Hori"" G. 19. LAGBAS, ATTY. JENNIFER ""Karen"" A. 20. LORIA, CARLOS ANDES 21. MARAÑON, ALFREDO III D. 22. NAVA, JC RAHMAN A., MD. 23. ORETA, ANTOLIN III A. 24. PANCHO, AGUSTINA DOMINIQUE ""Ditse Tina"" C. 25. PEREZ, JERRY EVANGELISTA 26. PLAZA, EDDIEBONG G. 27. PUMAREN, FRANZ S. 28. SALI, DIMSZAR M. 29. SALVAME, ROSALIE A. 30. SHIMURA, SUN JUDAL 31. TEODORO, MARCELINO ""Marcy"" R. 32. TOLENTINO, ANIELA BIANCA D. 33. VALERIANO, ROLANDO M. 34. VELOSO-TUAZON, ANNA VICTORIA 35. VILLAFUERTE, MIGUEL LUIS R. 36. VILLAFUERTE, VINCENZO RENATO LUIGI R. 37. YAMSUAN, BRIAN RAYMUND S. 38. YAP, JOHN GEESNELL ""Baba""","2026-02-25","RULES","Pending with the Committee on RULES since 2026-02-25","https://docs.congress.hrep.online/legisdocs/basic_20/hr00810.pdf","https://www.congress.gov.ph/bill/history?billno=HR00810&congress=20","","Referral To The Committee On: RULES On 2026-02-25","","","",""
"HR01075","Principal Authored Bills","A RESOLUTION URGING THE DEPARTMENT OF ENERGY (DOE), DEPARTMENT OF TRADE AND INDUSTRY (DTI), DEPARTMENT OF AGRICULTURE (DA), BUREAU OF FISHERIES AND AQUATIC RESOURCES (BFAR), DEPARTMENT OF TRANSPORTATION (DOTr), PHILIPPINE PORTS AUTHORITY (PPA), MARITIME INDUSTRY AUTHORITY (MARINA), DEPARTMENT OF LABOR AND EMPLOYMENT (DOLE), DEPARTMENT OF SOCIAL WELFARE AND DEVELOPMENT (DSWD), SOCIAL SECURITY SYSTEM (SSS), AND OTHER RELEVANT GOVERNMENT AGENCIES TO IMMEDIATELY CONVENE WITH STAKEHOLDERS OF THE SARDINE FISHING AND CANNING INDUSTRY IN ZAMBOANGA CITY AND IMPLEMENT EMERGENCY AND MEDIUM-TERM INTERVENTIONS TO ADDRESS ESCALATING FUEL COSTS, RISING OPERATING EXPENSES, THREATS TO EMPLOYMENT, FOOD SECURITY, AND INDUSTRY SUSTAINABILITY","2026-06-01","","1. PEREZ, JERRY EVANGELISTA","2026-06-03","AQUACULTURE AND FISHERIES RESOURCES","Pending with the Committee on AQUACULTURE AND FISHERIES RESOURCES since 2026-06-03","https://docs.congress.hrep.online/legisdocs/basic_20/hr01075.pdf","https://www.congress.gov.ph/bill/history?billno=HR01075&congress=20","","Referral To The Committee On: AQUACULTURE AND FISHERIES RESOURCES On 2026-06-03","","","",""
"HB01627","Co-Authored Bills","AN ACT REAPPORTIONING THE LONE DISTRICT OF BASILAN THEREBY CREATING THE FIRST (1ST) AND SECOND (2ND) LEGISLATIVE DISTRICTS OF BASILAN","2025-07-09","National","1. ALANO,USTADZ YUSOP T.","2025-07-30","LOCAL GOVERNMENT","Pending with the Committee on LOCAL GOVERNMENT since 2025-07-30","https://docs.congress.hrep.online/legisdocs/basic_20/hb01627.pdf","https://www.congress.gov.ph/bill/history?billno=HB01627&congress=20","1. Oducado (000 2026-03-05)
2. Perez (000 2026-03-05)
3. Bancoro (000 2026-03-05)
4. Arbison (M. N. JR.) (000 2026-03-05)
5. Amatong (000 2026-03-16)
6. Macasaet (000 2026-03-17)","Referral To The Committee On: LOCAL GOVERNMENT On 2025-07-30","","","",""
"HB03891","Co-Authored Bills","AN ACT ESTABLISHING A LEVEL III GENERAL HOSPITAL WITH A CAPACITY OF TWO HUNDRED (200) BEDS IN THE FIRST LEGISLATIVE DISTRICT OF ZAMBOANGA CITY TO BE KNOWN AS THE ZAMBOANGA CITY GENERAL HOSPITAL, AND APPROPRIATING FUNDS THEREFOR","2025-08-20","Local","1. CHUA-TAI, KATRINA REIKO","2025-08-27","HEALTH","Pending with the Committee on HEALTH since 2025-08-27","https://docs.congress.hrep.online/legisdocs/basic_20/hb03891.pdf","https://www.congress.gov.ph/bill/history?billno=HB03891&congress=20","1. Perez (000 2025-09-24)","Referral To The Committee On: HEALTH On 2025-08-27","","","",""
"HB04304","Co-Authored Bills","AN ACT IMPOSING SOLIDARITY CONTRIBUTION ON THE MOST AFFLUENT FILIPINOS FOR THE BENEFIT OF PUBLIC HEALTH AND CLIMATE CHANGE RESILIENCY","2025-09-03","National","1. CENDAÑA, PERCIVAL ""Perci""                                              2. DIOKNO, JOSE MANUEL TADEO ""Chel"" I.                                              3. ISMULA, DADAH KIRAM                                              4. BAG-AO, KAKA J.","2025-09-08","WAYS AND MEANS","Pending with the Committee on WAYS AND MEANS since 2025-09-08","https://docs.congress.hrep.online/legisdocs/basic_20/hb04304.pdf","https://www.congress.gov.ph/bill/history?billno=HB04304&congress=20","1. Valeriano (000 2026-05-26)
2. Panaligan (000 2026-05-28)
3. Gonzales (A. M.) (000 2026-05-28)
4. Gonzales (A.) (000 2026-06-01)
5. Libanan (000 2026-06-02)
6. Barba (000 2026-06-02)
7. Alba (000 2026-06-02)
8. Perez (000 2026-06-02)
9. Fuentebella (000 2026-06-03)
10. Dagooc (000 2026-06-03)
11. Pascual (000 2026-06-03)
12. Ledesma (000 2026-06-08)
13. Sali (000 2026-06-17)
14. Hernandez (C. A.) (000 2026-06-17)
15. Aquino-Magsaysay (000 2026-06-18)
16. Matibag (000 2026-06-30)
17. Tereng (000 2026-07-29)
18. Vergara (000 2026-08-05)
19. Yap ( G.) (000 2026-08-12)
20. Teodoro (000 2026-08-12)
21. Benitez (J.M.) (000 2026-08-18)
22. Santos (M.A.) (000 2026-08-18)
23. Tolentino (000 2026-09-07)
24. Villafuerte (M. L. R.) (000 2026-09-11)","Referral To The Committee On: WAYS AND MEANS On 2025-09-08","","","",""
"HB05038","Co-Authored Bills","AN ACT INSTITUTIONALIZING THE ALLOCATION AND DIRECT RELEASE OF FUNDS TO SPECIFIC CAMPUSES OF THE ZAMBOANGA CITY STATE POLYTECHNIC COLLEGE (ZPPSU), THEREBY AMENDING RA NO. 11187, OTHERWISE KNOWN AS “AN ACT CONVERTING THE ZAMBOANGA CITY STATE POLYTECHNIC COLLEGE INTO A STATE UNIVERSITY TO BE KNOWN AS THE ZAMBOANGA PENINSULA POLYTECHNIC STATE UNIVERSITY,” AND FOR OTHER PURPOSES","2025-10-01","Local","1. BANCORO, MARLO C.","2025-10-06","HIGHER AND TECHNICAL EDUCATION","Pending with the Committee on HIGHER AND TECHNICAL EDUCATION since 2025-10-06","https://docs.congress.hrep.online/legisdocs/basic_20/hb05038.pdf","https://www.congress.gov.ph/bill/history?billno=HB05038&congress=20","1. Yu (J.V.) (000 2025-11-12)
2. Perez (000 2025-11-18)
3. Yu (J.K.) (000 2025-12-17)","Referral To The Committee On: HIGHER AND TECHNICAL EDUCATION On 2025-10-06","","","",""
"HB05365","Co-Authored Bills","AN ACT ESTABLISHING THE UNIVERSITY OF THE PHILIPPINES IN ZAMBOANGA CITY, APPROPRIATING FUNDS THEREFOR, AND FOR OTHER PURPOSES","2025-10-08","Local","1. RODRIGUEZ, RUFUS B.                                              2. RODRIGUEZ, MAXIMO  JR. B.                                              3. CHUA-TAI, KATRINA REIKO","2025-10-13","HIGHER AND TECHNICAL EDUCATION","Pending with the Committee on HIGHER AND TECHNICAL EDUCATION since 2025-10-13","https://docs.congress.hrep.online/legisdocs/basic_20/hb05365.pdf","https://www.congress.gov.ph/bill/history?billno=HB05365&congress=20","1. Alano (000 2025-10-13)
2. Bancoro (000 2025-10-13)
3. Glepa (000 2025-10-13)
4. Hofer-Hasim (000 2025-10-13)
5. Labadlabad (000 2025-10-13)
6. Perez (000 2025-10-13)
7. Yu (J.K.) (000 2025-10-13)
8. Yu (J.V.) (000 2025-10-13)
9. Arbison (M. N. JR.) (000 2026-02-10)","Referral To The Committee On: HIGHER AND TECHNICAL EDUCATION On 2025-10-13","","","",""
"HB05472","Co-Authored Bills","AN ACT CONVERTING THE MUNICIPALITY OF LINGAYEN IN THE PROVINCE OF PANGASINAN INTO A COMPONENT CITY TO BE KNOWN AS THE CITY OF LINGAYEN","2025-10-13","Local","1. COJUANGCO, MARK O.","2025-11-11","LOCAL GOVERNMENT","Pending with the Committee on LOCAL GOVERNMENT since 2025-11-11","https://docs.congress.hrep.online/legisdocs/basic_20/hb05472.pdf","https://www.congress.gov.ph/bill/history?billno=HB05472&congress=20","1. Dy (F.M.C.) (000 2026-02-02)
2. San Fernando (000 2026-02-03)
3. Aquino-Magsaysay (000 2026-02-03)
4. De Jesus (000 2026-02-04)
5. Bernos (J.B.) (000 2026-02-09)
6. Bernos (C.) (000 2026-02-09)
7. Albano (000 2026-02-09)
8. Poe (000 2026-02-11)
9. Erice (000 2026-02-11)
10. Nolasco (000 2026-02-24)
11. Escudero (000 2026-03-02)
12. Sali (000 2026-03-03)
13. Salvador (000 2026-03-03)
14. Lagon (D. A.) (000 2026-03-04)
15. Valeriano (000 2026-03-04)
16. Chua (000 2026-03-04)
17. Alano (000 2026-03-05)
18. De Lima (000 2026-03-09)
19. Flores (000 2026-03-09)
20. Cendaña (000 2026-03-09)
21. Ismula (000 2026-03-09)
22. Tinio (000 2026-03-09)
23. Co (R. L. M.) (000 2026-03-09)
24. Suan (000 2026-03-09)
25. Singson-Meehan (000 2026-03-09)
26. Cruz (R. JR.) (000 2026-03-09)
27. Khonghun (000 2026-03-09)
28. Tiangco (000 2026-03-09)
29. Rodriguez (R.B.) (000 2026-03-09)
30. Suntay (000 2026-03-09)
31. Pleyto (000 2026-03-09)
32. Chan (J.) (000 2026-03-09)
33. Oducado (000 2026-03-09)
34. Vergara (000 2026-03-09)
35. Arbison (M. N. JR.) (000 2026-03-09)
36. Barbers (000 2026-03-09)
37. Balindong (000 2026-03-09)
38. Matugas (000 2026-03-09)
39. Momo (000 2026-03-09)
40. Abalos (000 2026-03-09)
41. Baronda (000 2026-03-09)
42. Sakaluran (000 2026-03-09)
43. Javier (000 2026-03-09)
44. Lagon (S. L.) (000 2026-03-09)
45. Shimura (000 2026-03-09)
46. Bautista (J. M. G.) (000 2026-03-09)
47. Santos (M.A.S.) (000 2026-03-09)
48. Mendoza (000 2026-03-09)
49. Panaligan (000 2026-03-09)
50. Tallado (000 2026-03-09)
51. Villarica (000 2026-03-09)
52. Roman (000 2026-03-09)
53. Rodriguez ( E. R.) (000 2026-03-09)
54. Robes (000 2026-03-09)
55. Salceda (000 2026-03-09)
56. Cruz (A.) (000 2026-03-09)
57. Agarao (000 2026-03-09)
58. Salvacion (000 2026-03-09)
59. Veloso-Tuazon (000 2026-03-09)
60. Gorriceta (000 2026-03-09)
61. Bañas-Nograles (000 2026-03-09)
62. Singson ( R.) (000 2026-03-09)
63. Dalog (000 2026-03-09)
64. Revilla (R. J.) (000 2026-03-09)
65. Tan (J. S.) (000 2026-03-09)
66. Oaminal (S. F. F.) (000 2026-03-09)
67. Nazal (000 2026-03-09)
68. Guico (000 2026-03-09)
69. Galeos (000 2026-03-09)
70. Chungalao (000 2026-03-09)
71. Castro (000 2026-03-09)
72. Celeste (000 2026-03-09)
73. Agyao (000 2026-03-09)
74. Primicias-Agabas (000 2026-03-09)
75. De Venecia (000 2026-03-09)
76. Domogan (000 2026-03-09)
77. Dy (I.P.) (000 2026-03-09)
78. Corvera (000 2026-03-09)
79. Cua (000 2026-03-09)
80. Dagooc (000 2026-03-09)
81. Tereng (000 2026-03-09)
82. Libanan (000 2026-03-09)
83. Ridon (000 2026-03-09)
84. Ty (000 2026-03-09)
85. Pascual (000 2026-03-09)
86. Mercado (000 2026-03-09)
87. Barba (000 2026-03-09)
88. Acosta (000 2026-03-09)
89. Matibag (000 2026-03-09)
90. Garcia (D.) (000 2026-03-09)
91. Malapitan (000 2026-03-09)
92. Romualdo (000 2026-03-09)
93. Hernandez (C. A.) (000 2026-03-10)
94. Ongchuan (000 2026-03-10)
95. Briones (000 2026-03-10)
96. Diokno (000 2026-03-10)
97. Nava (000 2026-03-11)
98. Marquez (000 2026-03-11)
99. Tarriela (000 2026-03-11)
100. Bautista-Lim (000 2026-03-11)
101. Angeles (000 2026-03-11)
102. Tupas (000 2026-03-12)
103. Nisay (000 2026-03-15)
104. Ledesma (000 2026-03-15)
105. Tulfo (J. P.) (000 2026-03-15)
106. Arrogancia (000 2026-03-15)
107. Rivera (000 2026-03-15)
108. Lazatin (000 2026-03-15)
109. Salvame (000 2026-03-15)
110. Lara (000 2026-03-15)
111. Loria (000 2026-03-15)
112. Panotes (000 2026-03-15)
113. Cayton (000 2026-03-15)
114. Bulut-Begtang (000 2026-03-15)
115. Tolentino (000 2026-03-15)
116. Santos (M.A.) (000 2026-03-15)
117. Bolilia (000 2026-03-15)
118. Dimaguila (000 2026-03-15)
119. Oreta (A. A.) (000 2026-03-15)
120. Almario (D.) (000 2026-03-15)
121. Loyola (000 2026-03-15)
122. Fresnedi (000 2026-03-15)
123. Calixto (000 2026-03-15)
124. Ang (000 2026-03-15)
125. Marañon (000 2026-03-15)
126. Roque (000 2026-03-15)
127. Ayon (000 2026-03-15)
128. Ordanes (000 2026-03-15)
129. Mangudadatu (000 2026-03-15)
130. Ferrer (J. ) (000 2026-03-15)
131. Sagarbarria (000 2026-03-15)
132. Degamo (000 2026-03-15)
133. Glepa (000 2026-03-15)
134. Lagbas (000 2026-03-15)
135. Ceniza (000 2026-03-15)
136. Gutierrez (000 2026-03-15)
137. Amante (000 2026-03-15)
138. Recto (R. S.) (000 2026-03-15)
139. Atayde (000 2026-03-15)
140. Asistio (000 2026-03-15)
141. Pumaren (000 2026-03-15)
142. Luistro (000 2026-03-15)
143. Aumentado (000 2026-03-15)
144. Bautista (C. P.) (000 2026-03-15)
145. Kho (000 2026-03-15)
146. Tan (S. J. T.) (000 2026-03-15)
147. Cruzado (000 2026-03-15)
148. Cagas (000 2026-03-15)
149. Macapagal-Arroyo (000 2026-03-15)
150. Guintu (000 2026-03-15)
151. Gonzales (A.) (000 2026-03-15)
152. Suansing (B. V. B.) (000 2026-03-15)
153. Gonzales (C. S.) (000 2026-03-15)
154. Lagdameo (J. M. F.) (000 2026-03-15)
155. Fuentebella (000 2026-03-15)
156. Daza (000 2026-03-15)
157. Domingo (000 2026-03-15)
158. Legacion (000 2026-03-15)
159. Gomez (000 2026-03-15)
160. Madrona (000 2026-03-15)
161. Caoagdan (000 2026-03-15)
162. Emano (000 2026-03-15)
163. Perez (000 2026-03-15)
164. Villa ( Z.) (000 2026-03-15)
165. Lacson (000 2026-03-15)
166. Biron (000 2026-03-15)
167. Frasco (000 2026-03-15)
168. Defensor (000 2026-03-16)
169. Olivarez (000 2026-03-17)
170. Lagman (000 2026-04-08)
171. Gonzales (R.) (000 2026-07-09)","Referral To The Committee On: LOCAL GOVERNMENT On 2025-11-11","","","",""
"HB05474","Co-Authored Bills","AN ACT AUTHORIZING THE CITY OR MUNICIPAL CIVIL REGISTRAR AND THE CONSUL GENERAL TO CHANGE THE SEX AND THE FIRST NAME OF AN INTERSEX PERSON APPEARING IN THE CIVIL REGISTER WITHOUT THE NEED OF A JUDICIAL ORDER, AMENDING FOR THIS PURPOSE REPUBLIC ACT NO. 9048 AND REPUBLIC ACT NO. 10172","2025-10-13","National","1. CENDAÑA, PERCIVAL ""Perci""                                              2. DIOKNO, JOSE MANUEL TADEO ""Chel"" I.                                              3. ISMULA, DADAH KIRAM                                              4. BAG-AO, KAKA J.","2025-11-11","JUSTICE","Pending with the Committee on JUSTICE since 2025-11-11","https://docs.congress.hrep.online/legisdocs/basic_20/hb05474.pdf","https://www.congress.gov.ph/bill/history?billno=HB05474&congress=20","1. Valeriano (000 2026-05-26)
2. Gonzales (A. M.) (000 2026-05-28)
3. Gonzales (A.) (000 2026-06-01)
4. Libanan (000 2026-06-02)
5. De Lima (000 2026-06-02)
6. Perez (000 2026-06-02)
7. Salvador (000 2026-06-03)
8. Fuentebella (000 2026-06-03)
9. Guintu (000 2026-06-03)
10. Garcia (J. A.) (000 2026-06-10)
11. Hernandez (C. A.) (000 2026-06-17)
12. Aquino-Magsaysay (000 2026-06-18)
13. Matibag (000 2026-06-30)
14. Tereng (000 2026-07-29)
15. Vergara (000 2026-08-05)
16. Teodoro (000 2026-08-12)
17. Benitez (J.M.) (000 2026-08-18)
18. Santos (M.A.) (000 2026-08-18)","Referral To The Committee On: JUSTICE On 2025-11-11","","","",""
"HB06771","Co-Authored Bills","AN ACT DEFINING AND PROHIBITING THE ESTABLISHMENT AND PERPETUATION OF POLITICAL DYNASTIES TO PROMOTE EQUITABLE POLITICAL PARTICIPATION","2025-12-10","National","1. DY, FAUSTINO III G.                                              2. MARCOS, FERDINAND ALEXANDER A.","2025-12-10","SUFFRAGE AND ELECTORAL REFORMS","Substituted by HB08389","https://docs.congress.hrep.online/legisdocs/basic_20/hb06771.pdf","https://www.congress.gov.ph/bill/history?billno=HB06771&congress=20","1. Pimentel (000 2025-12-15)
2. Galeos (000 2025-12-15)
3. Marquez (000 2025-12-16)
4. Rivera (000 2025-12-16)
5. Chan (000 2025-12-16)
6. Aquino-Magsaysay (000 2025-12-16)
7. Ledesma (000 2025-12-16)
8. Dimaguila (000 2025-12-16)
9. Suansing (B. V. B.) (000 2025-12-16)
10. Garin (000 2025-12-17)
11. Bancoro (000 2025-12-17)
12. Baronda (000 2025-12-17)
13. Nolasco (000 2025-12-17)
14. Romualdo (000 2025-12-17)
15. Albano (000 2025-12-17)
16. Fuentebella (000 2025-12-18)
17. Estrella (000 2025-12-18)
18. Matugas (000 2025-12-18)
19. Ynares (000 2025-12-18)
20. Panotes (000 2025-12-18)
21. Hernandez (F. L.) (000 2025-12-18)
22. Tulfo (R. W. P.) (000 2025-12-18)
23. Garcia (J. A.) (000 2025-12-18)
24. Ortega (000 2025-12-18)
25. Balindong (000 2025-12-18)
26. Roque (000 2025-12-18)
27. Caoagdan (000 2025-12-18)
28. Yap (A.) (000 2025-12-18)
29. Macasaet (000 2025-12-18)
30. Teves (000 2025-12-18)
31. Salvador (000 2025-12-18)
32. Solon (000 2025-12-18)
33. Villa ( Z.) (000 2025-12-18)
34. Tanjuatco (000 2025-12-18)
35. Lagbas (000 2025-12-18)
36. Agyao (000 2025-12-18)
37. Bautista (J. M. G.) (000 2025-12-18)
38. Perez (000 2025-12-18)
39. Uy (R. JR.) (000 2025-12-18)
40. Maceda (000 2025-12-18)
41. Arrogancia (000 2025-12-18)
42. Almario (C.M.) (000 2025-12-18)
43. Barbers (000 2025-12-18)
44. Legazpi (000 2025-12-18)
45. Lagdameo (M. Y. M. Q.) (000 2025-12-18)
46. Lagdameo (J. M. F.) (000 2025-12-18)
47. Arbison (M. N. JR.) (000 2025-12-18)
48. Bañas-Nograles (000 2025-12-18)
49. Tulfo (J. P.) (000 2025-12-18)
50. Pumaren (000 2025-12-18)
51. Enverga (000 2025-12-18)
52. Yulo (000 2025-12-18)
53. Corvera (000 2025-12-18)
54. Almario (D.) (000 2025-12-18)
55. Malapitan (000 2025-12-18)
56. Oaminal (H. F.) (000 2025-12-18)
57. Tarriela (000 2025-12-18)
58. Angeles (000 2025-12-18)
59. Mercado (000 2025-12-18)
60. Domingo (000 2025-12-18)
61. Uy, (D. C. L.) (000 2025-12-18)
62. Legarda (000 2025-12-18)
63. Luistro (000 2025-12-18)
64. Gorriceta (000 2025-12-18)
65. Cayton (000 2025-12-18)
66. Valeriano (000 2025-12-18)
67. Chungalao (000 2025-12-18)
68. Biron (000 2025-12-18)
69. Mangudadatu (000 2025-12-18)
70. Dy (F.M.C.) (000 2025-12-18)
71. Barba (000 2025-12-18)
72. Abante (000 2025-12-18)
73. Miraflores (000 2025-12-18)
74. Madrona (000 2025-12-18)
75. Nava (000 2025-12-18)
76. Ordanes (000 2025-12-18)
77. Pleyto (000 2025-12-18)
78. Roman (000 2025-12-18)
79. Labadlabad (000 2025-12-18)
80. Mendoza (000 2025-12-18)
81. Del Mar (000 2025-12-18)
82. Yatco (000 2025-12-18)
83. Tan (S. A.) (000 2025-12-18)
84. Tan (A.) (000 2025-12-18)
85. Tan (J. S.) (000 2025-12-18)
86. Shimura (000 2025-12-18)
87. Salceda (000 2025-12-18)
88. Maniquiz (000 2025-12-18)
89. Momo (000 2025-12-18)
90. Cua (000 2025-12-18)
91. Alano (000 2025-12-18)
92. Beltran (000 2025-12-18)
93. Atayde (000 2025-12-18)
94. Tallado (000 2025-12-18)
95. Pascual (000 2025-12-18)
96. Yap ( G.) (000 2025-12-18)
97. Emano (000 2025-12-18)
98. Almonte (000 2025-12-18)
99. Gonzales (A. M.) (000 2025-12-18)
100. Briones (000 2025-12-18)
101. Agarao (000 2025-12-18)
102. Primicias-Agabas (000 2025-12-18)
103. Rodriguez ( E. R.) (000 2025-12-18)
104. Dy (I.P.) (000 2025-12-18)
105. Lazatin (000 2025-12-18)
106. Zamora (M.C.) (000 2025-12-18)
107. Tieng (000 2025-12-18)
108. Horibata (000 2025-12-18)
109. Oreta (A. A.) (000 2025-12-18)
110. Degamo (000 2025-12-18)
111. Espina (000 2025-12-22)
112. De Venecia (000 2025-12-22)
113. Santos (M.A.) (000 2025-12-22)
114. Bolilia (000 2025-12-22)
115. Tolentino (000 2025-12-22)
116. Hernandez (C. A.) (000 2026-01-21)
117. Co-Pilar (000 2026-01-26)
118. Bulut-Begtang (000 2026-01-26)
119. Ceniza (000 2026-01-26)
120. Cruzado (000 2026-01-26)
121. Dalog (000 2026-01-26)
122. Ferrer (A. A.) (000 2026-01-26)
123. Garcia (D.) (000 2026-01-26)
124. Veloso (000 2026-01-26)
125. Matibag (000 2026-01-26)
126. Salvacion (000 2026-01-26)
127. Yamsuan (000 2026-01-26)
128. Vargas-Alfonso (000 2026-01-26)
129. Angara (000 2026-01-27)
130. Guintu (000 2026-01-27)
131. Violago (000 2026-02-02)
132. Rodriguez (M. B.) (000 2026-02-04)
133. Benitez (A.) (000 2026-02-09)
134. Bernos (C.) (000 2026-02-09)
135. Collantes (000 2026-02-10)
136. Hernandez (D. L.) (000 2026-02-10)
137. Cagas (000 2026-02-10)
138. Calderon (000 2026-02-10)
139. Lara (000 2026-02-11)
140. Recto (R. S.) (000 2026-02-11)
141. Rodriguez (R.B.) (000 2026-02-11)
142. Singson-Meehan (000 2026-02-11)
143. Hernandez (R. L.) (000 2026-02-11)
144. Gomez (000 2026-02-11)
145. Gonzales (R.) (000 2026-03-03)
146. Benitez (J.M.) (000 2026-03-10)
147. Gatchalian (000 2026-03-12)
148. Poe (000 2026-05-25)","Referral To The Committee On: SUFFRAGE AND ELECTORAL REFORMS On 2025-12-10","Mother Bill: HB08389
Co-Substituted Bills: HB00381, HB00874, HB00909, HB01297, HB05334, HB05871, HB06064, HB06799, HB06826, HB06886, HB06888, HB06894, HB07072, HB07199, HB07413, HB07574","","",""
"HB08389","Co-Authored Bills","AN ACT DEFINING AND PROHIBITING THE ESTABLISHMENT AND PERPETUATION OF POLITICAL DYNASTIES TO PROMOTE EQUITABLE POLITICAL PARTICIPATION","2025-12-10","National","1. DY, FAUSTINO III G.                                              2. MARCOS, FERDINAND ALEXANDER A.","2025-12-10","SUFFRAGE AND ELECTORAL REFORMS","Substituted by HB08389","https://docs.congress.hrep.online/legisdocs/basic_20/hb08389.pdf","https://www.congress.gov.ph/bill/history?billno=HB08389&congress=20","1. Benitez (J.M.) (000 2026-03-10)
2. Gatchalian (000 2026-03-12)
3. Castro (000 2026-03-16)
4. Poe (000 2026-05-25)
5. Primicias-Agabas (000 2026-05-25)
6. Dionisio (000 2026-05-25)
7. Gutierrez (000 2026-05-25)
8. Ortega (000 2026-05-25)
9. Khonghun (000 2026-05-25)
10. Adiong (000 2026-05-25)
11. Teodoro (000 2026-05-25)
12. Padiernos (000 2026-06-02)
Author/s (Final/Third Reading)
1. Dy (F.)
2. Marcos
3. Flores
4. Del Mar
5. Barbers
6. Santos (M.A.)
7. Gutierrez
8. Romulo
9. Domogan
10. Suan
11. Salceda
12. Poe
13. Galeos
14. Macapagal-Arroyo
15. Yap (A.)
16. Quimbo
17. Espares
18. Luistro
19. Lacson
20. Puno
21. Pimentel
22. Marquez
23. Rivera
24. Chan
25. Aquino-Magsaysay
26. Ledesma
27. Dimaguila
28. Suansing (B. V. B.)
29. Garin
30. Bancoro
31. Baronda
32. Nolasco
33. Romualdo
34. Albano
35. Fuentebella
36. Estrella
37. Matugas
38. Ynares
39. Panotes
40. Hernandez (F. L.)
41. Tulfo (R. W. P.)
42. Garcia (J. A.)
43. Ortega
44. Balindong
45. Roque
46. Caoagdan
47. Macasaet
48. Teves
49. Salvador
50. Solon
51. Villa ( Z.)
52. Tanjuatco
53. Lagbas
54. Agyao
55. Bautista (J. M. G.)
56. Perez
57. Uy (R. JR.)
58. Maceda
59. Arrogancia
60. Almario (C.M.)
61. Legazpi
62. Lagdameo (J. M. F.)
63. Arbison (M. N. JR.)
64. Bañas-Nograles
65. Tulfo (J. P.)
66. Pumaren
67. Enverga
68. Yulo
69. Corvera
70. Almario (D.)
71. Malapitan
72. Oaminal (H. F.)
73. Tarriela
74. Angeles
75. Mercado
76. Domingo
77. Uy, (D. C. L.)
78. Legarda
79. Gorriceta
80. Cayton
81. Valeriano
82. Chungalao
83. Biron
84. Mangudadatu
85. Dy (F.M.C.)
86. Barba
87. Miraflores
88. Madrona
89. Nava
90. Ordanes
91. Pleyto
92. Roman
93. Labadlabad
94. Mendoza
95. Yatco
96. Tan (S. A.)
97. Tan (A.)
98. Tan (J. S.)
99. Shimura
100. Maniquiz
101. Momo
102. Cua
103. Alano
104. Beltran
105. Atayde
106. Tallado
107. Pascual
108. Yap ( G.)
109. Emano
110. Almonte
111. Gonzales (A. M.)
112. Briones
113. Agarao
114. Primicias-Agabas
115. Rodriguez ( E. R.)
116. Dy (I.P.)
117. Lazatin
118. Zamora (M.C.)
119. Tieng
120. Horibata
121. Oreta (A. A.)
122. Degamo
123. Espina
124. De Venecia
125. Bolilia
126. Tolentino
127. Hernandez (C. A.)
128. Co-Pilar
129. Bulut-Begtang
130. Ceniza
131. Cruzado
132. Dalog
133. Ferrer (A. A.)
134. Garcia (D.)
135. Veloso
136. Matibag
137. Salvacion
138. Yamsuan
139. Vargas-Alfonso
140. Angara
141. Guintu
142. Violago
143. Rodriguez (M. B.)
144. Benitez (A.)
145. Bernos (C.)
146. Collantes
147. Hernandez (D. L.)
148. Cagas
149. Calderon
150. Lara
151. Recto (R. S.)
152. Rodriguez (R.B.)
153. Singson-Meehan
154. Hernandez (R. L.)
155. Gomez
156. Veloso-Tuazon
157. Adiong
158. Lagdameo (M. Y. M. Q.)
159. Abante
160. Gonzales (R.)
161. Benitez (J.M.)
162. Gatchalian
163. Castro","Referral To The Committee On: RULES On 2026-03-09
Date Included In OB: 2026-03-09
Date Calendared: 2026-03-11","Committee Report No.: 00143
Submitted On: 2026-03-09
Submitted By: SUFFRAGE AND ELECTORAL REFORMS
Recommendations: Recommending its approval in substitution of House Bills Numbered 381, 874, 909, 1297, 5334, 5871, 6064, 6771, 6799, 6826, 6886, 6888, 6894, 7072, 7199, 7413, and 7574
Substituted Bills: HB00381, HB00874, HB00909, HB01297, HB05334, HB05871, HB06064, HB06771, HB06799, HB06826, HB06886, HB06888, HB06894, HB07072, HB07199, HB07413, HB07574","Period Of Sponsorship: 2026-03-17, 2026-03-18, 2026-05-12, 2026-05-13, 2026-05-20
Sponsored By: Adiong;Adiong;Adiong;Adiong;Adiong
Period Of Interpellations: 2026-03-17, 2026-03-18, 2026-05-12, 2026-05-13, 2026-05-20
Interpellated By: Libanan, Diokno, Oducado, Erice, Suan, Co (R. L. M.), Elago, Ismula, Montes, De Lima, Tiangco, Cendaña, Tinio
Period Of Individual Amendments: 2026-05-20
Amended By: Garin, De Lima
Final List of Author
1. Dy (F.)
2. Marcos
3. Flores
4. Del Mar
5. Barbers
6. Santos (M.A.)
7. Gutierrez
8. Romulo
9. Domogan
10. Suan
11. Salceda
12. Poe
13. Galeos
14. Macapagal-Arroyo
15. Yap (A.)
16. Quimbo
17. Espares
18. Luistro
19. Lacson
20. Puno
21. Pimentel
22. Marquez
23. Rivera
24. Chan
25. Aquino-Magsaysay
26. Ledesma
27. Dimaguila
28. Suansing (B. V. B.)
29. Garin
30. Bancoro
31. Baronda
32. Nolasco
33. Romualdo
34. Albano
35. Fuentebella
36. Estrella
37. Matugas
38. Ynares
39. Panotes
40. Hernandez (F. L.)
41. Tulfo (R. W. P.)
42. Garcia (J. A.)
43. Ortega
44. Balindong
45. Roque
46. Caoagdan
47. Macasaet
48. Teves
49. Salvador
50. Solon
51. Villa ( Z.)
52. Tanjuatco
53. Lagbas
54. Agyao
55. Bautista (J. M. G.)
56. Perez
57. Uy (R. JR.)
58. Maceda
59. Arrogancia
60. Almario (C.M.)
61. Legazpi
62. Lagdameo (J. M. F.)
63. Arbison (M. N. JR.)
64. Bañas-Nograles
65. Tulfo (J. P.)
66. Pumaren
67. Enverga
68. Yulo
69. Corvera
70. Almario (D.)
71. Malapitan
72. Oaminal (H. F.)
73. Tarriela
74. Angeles
75. Mercado
76. Domingo
77. Uy, (D. C. L.)
78. Legarda
79. Gorriceta
80. Cayton
81. Valeriano
82. Chungalao
83. Biron
84. Mangudadatu
85. Dy (F.M.C.)
86. Barba
87. Miraflores
88. Madrona
89. Nava
90. Ordanes
91. Pleyto
92. Roman
93. Labadlabad
94. Mendoza
95. Yatco
96. Tan (S. A.)
97. Tan (A.)
98. Tan (J. S.)
99. Shimura
100. Maniquiz
101. Momo
102. Cua
103. Alano
104. Beltran
105. Atayde
106. Tallado
107. Pascual
108. Yap ( G.)
109. Emano
110. Almonte
111. Gonzales (A. M.)
112. Briones
113. Agarao
114. Primicias-Agabas
115. Rodriguez ( E. R.)
116. Dy (I.P.)
117. Lazatin
118. Zamora (M.C.)
119. Tieng
120. Horibata
121. Oreta (A. A.)
122. Degamo
123. Espina
124. De Venecia
125. Bolilia
126. Tolentino
127. Hernandez (C. A.)
128. Co-Pilar
129. Bulut-Begtang
130. Ceniza
131. Cruzado
132. Dalog
133. Ferrer (A. A.)
134. Garcia (D.)
135. Veloso
136. Matibag
137. Salvacion
138. Yamsuan
139. Vargas-Alfonso
140. Angara
141. Guintu
142. Violago
143. Rodriguez (M. B.)
144. Benitez (A.)
145. Bernos (C.)
146. Collantes
147. Hernandez (D. L.)
148. Cagas
149. Calderon
150. Lara
151. Recto (R. S.)
152. Rodriguez (R.B.)
153. Singson-Meehan
154. Hernandez (R. L.)
155. Gomez
156. Veloso-Tuazon
157. Adiong
158. Lagdameo (M. Y. M. Q.)
159. Abante
160. Gonzales (R.)
161. Benitez (J.M.)
162. Gatchalian
163. Castro
Date Approved On Second Reading: 2026-05-20","Date Copy Distributed To Members: 2026-05-21
Date Approved By The House On Third Reading: 2026-06-03
Third Reading Title: AN ACT PROHIBITING POLITICAL DYNASTIES IN NATIONAL AND LOCAL ELECTIVE OFFICES
House Votes: YEAS:267 NAYS:20 ABSTAIN:7
Date Transmitted To The Senate: 2026-06-08
Actions Taken By The Senate/House
Date Received By The Senate: 2026-06-08",""
"HB07653","Co-Authored Bills","AN ACT STRENGTHENING THE MANDATE OF THE NATIONAL COMMISSION ON MUSLIM FILIPINOS BY AUTHORIZING THE ESTABLISHMENT, COLLECTION, MANAGEMENT, AND DISTRIBUTION OF ZAKAT FUNDS, AND INSTITUTING A SYSTEM FOR THEIR ADMINISTRATION, AMENDING FOR THE PURPOSE REPUBLIC ACT NO. 9997, AS AMENDED, OTHERWISE KNOWN AS THE “NATIONAL COMMISSION ON MUSLIM FILIPINOS ACT OF 2009”","2026-02-09","National","1. ALANO,USTADZ YUSOP T.","2026-02-11","MUSLIM AFFAIRS","Pending with the Committee on MUSLIM AFFAIRS since 2026-02-11","https://docs.congress.hrep.online/legisdocs/basic_20/hb07653.pdf","https://www.congress.gov.ph/bill/history?billno=HB07653&congress=20","1. Mastura (000 2026-03-02)
2. Sali (000 2026-03-03)
3. Ismula (000 2026-03-05)
4. Perez (000 2026-03-05)
5. Bancoro (000 2026-03-05)
6. Mangudadatu (000 2026-03-16)
7. Amatong (000 2026-03-16)
8. Macasaet (000 2026-03-17)","Referral To The Committee On: MUSLIM AFFAIRS On 2026-02-11","","","",""
"HB07698","Co-Authored Bills","AN ACT RECOGNIZING AND PROTECTING THE RIGHTS OF NATURE IN THE PHILIPPINES","2026-02-10","National","1. CENDAÑA, PERCIVAL ""Perci""                                              2. DIOKNO, JOSE MANUEL TADEO ""Chel"" I.                                              3. ISMULA, DADAH KIRAM                                              4. BAG-AO, KAKA J.","2026-02-18","ECOLOGY","Pending with the Committee on ECOLOGY since 2026-02-18","https://docs.congress.hrep.online/legisdocs/basic_20/hb07698.pdf","https://www.congress.gov.ph/bill/history?billno=HB07698&congress=20","(Journal Entries)
1. Valeriano (000 2026-05-26)
2. Gonzales (A. M.) (000 2026-05-28)
3. Gonzales (A.) (000 2026-06-01)
4. Libanan (000 2026-06-02)
5. Barba (000 2026-06-02)
6. Alba (000 2026-06-02)
7. Perez (000 2026-06-02)
8. Vargas (000 2026-06-03)
9. Salvador (000 2026-06-03)
10. Dy (I.P.) (000 2026-06-03)
11. Fuentebella (000 2026-06-03)
12. Guintu (000 2026-06-03)
13. Dagooc (000 2026-06-03)
14. Pascual (000 2026-06-03)
15. Almonte (000 2026-06-04)
16. Ledesma (000 2026-06-08)
17. Lagon (D. A.) (000 2026-06-08)
18. Caoagdan (000 2026-06-10)
19. Garcia (J. A.) (000 2026-06-10)
20. Sali (000 2026-06-17)
21. Hernandez (C. A.) (000 2026-06-17)
22. Aquino-Magsaysay (000 2026-06-18)
23. Tieng (000 2026-06-25)
24. Matibag (000 2026-06-30)
25. Celeste (000 2026-07-16)
26. Vergara (000 2026-08-05)
27. Cruz (R. JR.) (000 2026-08-07)
28. Yap ( G.) (000 2026-08-12)
29. Teodoro (000 2026-08-12)
30. Benitez (J.M.) (000 2026-08-18)
31. Santos (M.A.) (000 2026-08-18)
32. Tolentino (000 2026-09-07)","Referral To The Committee On: ECOLOGY On 2026-02-18","","","",""
"HB08087","Co-Authored Bills","AN ACT GRANTING THE CONDONATION OF THE UNPAID INTERESTS, PENALTIES, AND SURCHARGES ON THE OVERDUE OBLIGATIONS OF THE BASILAN ELECTRIC COOPERATIVE, INC. TO THE NATIONAL POWER CORPORATION","2026-02-25","Local","1. ALANO,USTADZ YUSOP T.                                              2. DAGOOC, SERGIO C.                                              3. DE JESUS, PRESLEY C.                                              4. ALVAREZ, JOSE C.                                              5. EMANO, YEVGENY VINCENTE B.                                              6. VERGARA, JULIUS CESAR ""Jay"" V.                                              7. SINGSON-MEEHAN, KRISTINE                                              8. ACOSTA, GIL ""KabarangayJr""                                              9. ONGCHUAN, EDWIN                                              10. SALVAME, ROSALIE A.                                              11. ARENAS, MARIA RACHEL J.                                              12. VILLA, ZALDY S.                                              13. YU, JOSEPH KIM C.                                              14. SALVACION, REYNALDO P.                                              15. YAP, ARTHUR C.                                              16. LAGBAS, ATTY. JENNIFER ""Karen""  A.                                              17. LUMAYAG, ISIDRO D.                                              18. BAUTISTA, JOHANNE MONICH G.                                              19. COLLANTES, KING                                              20. SANTOS, MARK ANTHONY                                              21. CRUZ, AGATHA ""Agay""                                              22. SAGARBARRIA, MA. ISABEL L.                                              23. GONZALES, ROY M.                                              24. RODRIGUEZ, EULOGIO ""Leo"" R.                                              25. NAZAL, ROBERTO","2026-02-25","ENERGY","Approved by the House on 2026-03-10, transmitted to the Senate on 2026-03-11 and received by the Senate on 2026-03-11","https://docs.congress.hrep.online/legisdocs/basic_20/hb08087.pdf","https://www.congress.gov.ph/bill/history?billno=HB08087&congress=20","(Journal Entries)
1. Oducado (000 2026-03-05)
2. Perez (000 2026-03-05)
3. Bancoro (000 2026-03-05)
4. Arbison (M. N. JR.) (000 2026-03-05)
5. Macasaet (000 2026-03-17)
Author/s (Final/Third Reading)
1. Alano
2. Dagooc
3. De Jesus
4. Alvarez (J.)
5. Emano
6. Vergara
7. Singson-Meehan
8. Acosta
9. Ongchuan
10. Salvame
11. Arenas
12. Villa ( Z.)
13. Yu (J.K.)
14. Salvacion
15. Yap (A.)
16. Lagbas
17. Lumayag
18. Bautista (J. M. G.)
19. Collantes
20. Santos (M.A.S.)
21. Cruz (A.)
22. Sagarbarria
23. Gonzales (R.)
24. Rodriguez ( E. R.)
25. Nazal","Referral To The Committee On: RULES On 2026-02-25

Date Included In OB: 2026-02-25

Business For Thu/Fri On: 2026-03-03","Committee Report No.: 00133

Submitted On: 2026-02-25

Submitted By: ENERGY

Recommendations: Recommending its approval in substitution of House Bill No. 4822

Substituted Bills: HB04822","Period Of Sponsorship: 2026-03-03

Sponsored By: Alano

Final List of Author
1. Alano
2. Dagooc
3. De Jesus
4. Alvarez (J.)
5. Emano
6. Vergara
7. Singson-Meehan
8. Acosta
9. Ongchuan
10. Salvame
11. Arenas
12. Villa ( Z.)
13. Yu (J.K.)
14. Salvacion
15. Yap (A.)
16. Lagbas
17. Lumayag
18. Bautista (J. M. G.)
19. Collantes
20. Santos (M.A.S.)
21. Cruz (A.)
22. Sagarbarria
23. Gonzales (R.)
24. Rodriguez ( E. R.)
25. Nazal

Date Approved On Second Reading: 2026-03-03","Date Copy Distributed To Members: 2026-03-05

Date Approved By The House On Third Reading: 2026-03-10

Third Reading Title: AN ACT GRANTING THE CONDONATION OF THE UNPAID INTERESTS, PENALTIES, AND SURCHARGES ON THE OVERDUE OBLIGATIONS OF THE BASILAN ELECTRIC COOPERATIVE, INC. TO THE NATIONAL POWER CORPORATION

House Votes: YEAS:234 NAYS:0 ABSTAIN:2

Voting Details Per Member
(Legend:Y-Yes N-No A-Abstain X-Did Not Vote B-Absent D-N/A)

1. Y---Abalos

2. X---Abante

3. X---Acidre

4. D---Acop (P.C.)--(N/A)

5. D---Acop--(N/A)

6. Y---Acosta

7. Y---Adiong

8. Y---Advincula

9. Y---Agarao

10. Y---Agyao

11. Y---Alano

12. Y---Alba

13. Y---Albano

14. X---Almario (C.M.)

15. Y---Almario (D.)

16. X---Almonte

17. Y---Alvarez (J.)

18. X---Alvarez (M.)

19. Y---Amante

20. X---Amatong

21. Y---Ang

22. Y---Angara

23. Y---Angeles

24. Y---Aquino

25. Y---Aquino-Magsaysay

26. Y---Arbison (M. N. JR.)

27. X---Arbison (M. M.)

28. Y---Arenas

29. Y---Arrogancia

30. Y---Asistio

31. Y---Atayde

32. Y---Aumentado

33. Y---Ayon

34. Y---Bag-ao

35. Y---Balindong

36. Y---Bañas-Nograles

37. Y---Bancoro

38. Y---Barba

39. Y---Barbers

40. Y---Baronda

41. D---Barzaga--(N/A)

42. X---Bacsug

43. X---Bautista (C. P.)

44. Y---Bautista (J. M. G.)

45. X---Bautista-Lim

46. Y---Beltran

47. Y---Benitez (A.)

48. Y---Benitez (J.M.)

49. Y---Bernos (C.)

50. Y---Bernos (J.B.)

51. X---Biron

52. Y---Bocobo

53. Y---Bolilia

54. Y---Bondoc

55. Y---Briones

56. Y---Bulut-Begtang

57. Y---Cagas

58. Y---Calderon

59. Y---Calixto

60. Y---Caoagdan

61. X---Cari

62. Y---Castro

63. Y---Cayton

64. Y---Celeste

65. Y---Cendaña

66. Y---Ceniza

67. Y---Chan (J.)

68. Y---Chan

69. X---Chua

70. Y---Chua-Tai

71. Y---Chungalao

72. D---Co ( E. S.)--(N/A)

73. Y---Co (R. L. M.)

74. Y---Co-Pilar

75. Y---Cojuangco (J. E. M. D.)

76. Y---Cojuangco ( M. O.)

77. X---Collantes

78. Y---Corvera

79. Y---Cruz (A.)

80. X---Cruz (R. JR.)

81. Y---Cruzado

82. X---Cua

83. Y---Dagooc

84. Y---Dalog

85. X---Dayanghirang

86. Y---Daza

87. Y---De Jesus

88. Y---De Lima

89. Y---De Venecia

90. Y---Defensor

91. Y---Degamo

92. Y---Del Mar

93. X---Delos Santos

94. Y---Dimacuha

95. Y---Dimaguila

96. Y---Dimaporo ( I. Q.)

97. X---Dimaporo ( S. A. Q.)

98. Y---Diokno

99. Y---Dionisio

100. Y---Domingo

101. Y---Domogan

102. X---Duterte (H.J.)

103. A---Duterte (O.V.)

104. X---Duterte (P.)

105. Y---Dy (F.)

106. Y---Dy (F.M.C.)

107. X---Dy (I.P.)

108. Y---Elago

109. Y---Emano

110. X---Enverga

111. X---Erice

112. Y---Escudero

113. X---Espares

114. Y---Espina

115. Y---Estrella

116. Y---Ferrer (A. A.)

117. Y---Ferrer (J. )

118. X---Flores

119. Y---Fortes

120. Y---Frasco

121. Y---Fresnedi

122. Y---Fuentebella

123. Y---Galang

124. Y---Galeos

125. Y---Garbin

126. X---Garcia (A.)

127. Y---Garcia (D.)

128. Y---Garcia (J. A.)

129. Y---Garcia (K. H.)

130. X---Garcia (M. A.)

131. Y---Gardiola

132. Y---Garin

133. Y---Gatchalian

134. Y---Gato

135. Y---Glepa

136. Y---Go

137. Y---Gomez

138. Y---Gonzales (A.)

139. Y---Gonzales (A. M.)

140. X---Gonzales (C. S.)

141. Y---Gonzales (R.)

142. Y---Gorriceta

143. Y---Guico

144. Y---Guintu

145. X---Gullas

146. Y---Gutierrez

147. Y---Hernandez (C. A.)

148. Y---Hernandez (D. L.)

149. X---Hernandez (F. L.)

150. Y---Hernandez (R. L.)

151. Y---Hofer-Hasim

152. Y---Horibata

153. Y---Ismula

154. X---Iway

155. Y---Javier

156. Y---Kho

157. Y---Kho (E. T.)

158. Y---Kho (W. T.)

159. Y---Khonghun

160. Y---Ko

161. Y---Labadlabad

162. X---Lacson

163. Y---Lagbas

164. Y---Lagdameo (J. M. F.)

165. Y---Lagdameo (M. Y. M. Q.)

166. X---Lagman

167. Y---Lagon (D. A.)

168. Y---Lagon (S. L.)

169. Y---Lara

170. Y---Lazatin

171. Y---Ledesma

172. Y---Legacion

173. Y---Legarda

174. X---Legazpi

175. D---Legazpi(K.)--(N/A)

176. X---Leviste

177. Y---Libanan

178. Y---Lopez

179. Y---Loria

180. Y---Loyola

181. Y---Luistro

182. X---Lumayag

183. X---Macapagal-Arroyo

184. Y---Macasaet

185. Y---Maceda

186. Y---Madrona

187. Y---Malapitan

188. Y---Mangudadatu

189. Y---Maniquiz

190. Y---Marañon

191. Y---Marcoleta

192. Y---Marcos

193. X---Marquez

194. Y---Mastura

195. X---Matibag

196. Y---Matugas

197. X---Mendoza

198. Y---Mercado

199. Y---Mercado-Revilla

200. Y---Miraflores

201. Y---Momo

202. Y---Montes

203. Y---Nava

204. Y---Nazal

205. X---Nisay

206. Y---Nolasco

207. X---Oaminal (H. F.)

208. X---Oaminal (S. F. F.)

209. Y---Oducado

210. Y---Olivarez

211. A---Ongchuan

212. Y---Ordanes

213. Y---Oreta (A. A.)

214. X---Ortega

215. Y---Ouano-Dizon

216. X---Padiernos

217. Y---Panaligan

218. Y---Pancho

219. Y---Panotes

220. X---Pascual

221. Y---Perez

222. X---Pimentel

223. X---Plaza

224. Y---Pleyto

225. Y---Poe

226. Y---Primicias-Agabas

227. Y---Pumaren

228. X---Puno

229. X---Quimbo

230. Y---Rama

231. Y---Recto (R. S.)

232. X---Regencia

233. Y---Remulla

234. Y---Revilla ( B. B.)

235. X---Revilla (R. J.)

236. Y---Ridon

237. Y---Rivera

238. Y---Robes

239. Y---Rodriguez ( E. R.)

240. Y---Rodriguez (M. B.)

241. Y---Rodriguez (R.B.)

242. Y---Roman

243. X---Romualdez (A.J.)

244. X---Romualdez (F.M.)

245. X---Romualdez (Y.M.)

246. Y---Romualdo

247. Y---Romulo

248. Y---Roque

249. Y---Sagarbarria

250. Y---Sakaluran

251. Y---Salceda

252. X---Sali

253. Y---Salvacion

254. Y---Salvador

255. Y---Salvame

256. Y---San Fernando

257. Y---Santos (M.A.S.)

258. Y---Santos (M.A.)

259. Y---Shimura

260. Y---Singson ( R.)

261. X---Singson (R. V.)

262. X---Singson-Meehan

263. Y---Solon

264. D---Soriano--(N/A)

265. Y---Suan

266. X---Suansing (B. V. B.)

267. X---Suansing (M. A. B.)

268. X---Suarez

269. X---Suntay

270. Y---Tallado

271. X---Tan (A.)

272. Y---Tan (J. S.)

273. Y---Tan (K. M. D.L.)

274. X---Tan (R. M.T.)

275. X---Tan (S. A.)

276. X---Tan (S. J. T.)

277. Y---Tanchay

278. X---Tanjuatco

279. X---Tarriela

280. Y---Teodoro

281. Y---Tereng

282. Y---Teves

283. Y---Tiangco

284. Y---Tieng

285. Y---Tinio

286. Y---Tolentino

287. X---Tuan

288. Y---Tulfo (J. P.)

289. Y---Tulfo (R. W. P.)

290. Y---Tupas

291. X---Tutor

292. X---Ty

293. Y---Umali

294. X---Ungab

295. Y---Uy, (D. C. L.)

296. Y---Uy (R. JR.)

297. Y---Valeriano

298. Y---Vargas

299. Y---Vargas-Alfonso

300. Y---Veloso

301. Y---Veloso-Tuazon

302. Y---Vergara

303. Y---Villa ( Z.)

304. Y---Villafuerte (M. L. R.)

305. Y---Villafuerte (V. R. L. R.)

306. X---Villanueva

307. Y---Villarica

308. X---Violago

309. Y---Yamsuan

310. Y---Yap (A.)

311. X---Yap (C.)

312. D---Yap (EDVIC)--(N/A)

313. X---Yap (ERIC)

314. Y---Yap ( G.)

315. Y---Yatco

316. Y---Ynares

317. X---Yu (J.V.)

318. Y---Yu (J.K.)

319. Y---Yulo

320. Y---Zamora (M.C.)

321. X---Zamora (Y.M.)

322. Y---Zubiri

Date Transmitted To The Senate: 2026-03-11

Actions Taken By The Senate/House

Date Received By The Senate: 2026-03-11",""
"HB08870","Co-Authored Bills","AN ACT IMPOSING A TEMPORARY PRICE CEILING OF SEVENTY PESOS (?70.00) PER LITER ON DIESEL FUEL FOR A PERIOD OF SIX (6) MONTHS DURING A GLOBAL OIL CRISIS, PROVIDING FUNDS THEREFOR, AND FOR OTHER PURPOSES","2026-04-15","National","1. ERICE, EDGAR R.","2026-05-04","ENERGY","Pending with the Committee on ENERGY since 2026-05-04","https://docs.congress.hrep.online/legisdocs/basic_20/hb08870.pdf","https://www.congress.gov.ph/bill/history?billno=HB08870&congress=20","(Journal Entries)
1. De Lima (000 2026-05-12)
2. Del Mar (000 2026-05-13)
3. Aquino-Magsaysay (000 2026-05-18)
4. Bocobo (000 2026-05-19)
5. Espares (000 2026-05-19)
6. Dagooc (000 2026-05-19)
7. Olivarez (000 2026-05-19)
8. Suntay (000 2026-05-19)
9. Abalos (000 2026-05-19)
10. Roman (000 2026-05-19)
11. Perez (000 2026-05-20)
12. Barzaga (000 2026-05-20)
13. Bautista-Lim (000 2026-05-20)
14. Barba (000 2026-05-20)
15. Dalog (000 2026-05-20)
16. Hernandez (R. L.) (000 2026-05-25)
17. Kho (W. T.) (000 2026-05-25)
18. Corvera (000 2026-05-25)
19. Tarriela (000 2026-05-25)
20. Gullas (000 2026-05-25)
21. Agyao (000 2026-05-25)
22. Beltran (000 2026-05-25)
23. Tallado (000 2026-05-25)
24. Caoagdan (000 2026-05-25)
25. Gonzales (A.) (000 2026-05-25)
26. Vargas (000 2026-05-25)
27. Pimentel (000 2026-05-25)
28. Collantes (000 2026-05-25)
29. Amante (000 2026-05-25)
30. Suan (000 2026-05-25)
31. Santos (M.A.) (000 2026-05-25)
32. Garbin (000 2026-05-25)
33. Ayon (000 2026-05-25)
34. Valeriano (000 2026-05-26)
35. Tiangco (000 2026-05-28)
36. Salvador (000 2026-06-01)
37. Umali (000 2026-06-01)
38. Suansing (B. V. B.) (000 2026-06-02)
39. Javier (000 2026-06-02)
40. Pleyto (000 2026-06-02)
41. Arenas (000 2026-06-03)
42. Lacson (000 2026-06-08)
43. Rivera (000 2026-06-09)
44. Vergara (000 2026-06-09)
45. Aumentado (000 2026-06-09)
46. Ungab (000 2026-06-09)
47. Bañas-Nograles (000 2026-06-09)
48. Gorriceta (000 2026-06-09)
49. Bondoc (000 2026-06-09)
50. Yulo (000 2026-06-10)
51. Sali (000 2026-06-17)
52. Tieng (000 2026-06-25)
53. Atayde (000 2026-08-04)
54. Cari (000 2026-08-04)
55. Revilla (R. J.) (000 2026-08-24)
56. Teodoro (000 2026-09-15)","Referral To The Committee On: ENERGY On 2026-05-04","","","",""
